country,year,inv,gdppc,remit,aid,lendint,open,gs
Benin,1980 ,,305.3487794,5.479604593,6.278589876,14.5,53.1386196,4.172430636
Benin,1981 ,,326.8632461,4.802501921,6.292210485,14.5,59.8893721,-3.251559257
Benin,1982 ,27.05232804,325.1686378,2.914546338,6.286586279,16,57.8573354,13.22154629
Benin,1983 ,16.6267377,302.5671104,4.002874975,7.753698782,14.5,45.34201188,8.192516441
Benin,1984 ,12.47550605,317.6625126,4.001959399,7.138005176,14.5,50.5113035,7.516613337
Benin,1985 ,8.748403362,332.3022601,3.852703064,8.980477327,14.5,60.30121797,2.634223483
Benin,1986 ,12.83768938,330.3920364,3.803760374,10.07932009,13.5,49.2914177,4.137374042
Benin,1987 ,13.37416551,316.7298971,3.854656047,8.55728071,13.5,46.21813523,4.357862691
Benin,1988 ,15.08535044,318.5683874,4.389256649,9.749753539,13.58333333,45.88682801,0.770432601
Benin,1989 ,12.45710966,300.5838403,6.079799958,17.83072596,15.08333333,38.30036735,4.514204637
Benin,1990 ,12.62154628,317.5490629,5.155674053,13.61656739,16,45.72018214,9.688373731
Benin,1991 ,12.95583104,320.172515,5.938797815,13.37368833,16,51.34471684,10.75654137
Benin,1992 ,13.41680751,318.3973744,8.04020574,15.86961541,16.75,56.74074581,9.575207105
Benin,1993 ,13.88251853,325.3727392,4.787478501,12.62926644,,55.38179913,9.685313355
Benin,1994 ,16.24278327,320.8686805,5.599355427,16.01175469,,64.40047925,14.50608795
Benin,1995 ,17.56486738,329.5526909,4.615278905,12.90820874,,63.80014001,15.89711153
Benin,1996 ,16.34026603,333.714699,3.651161393,12.18872539,,56.51779145,15.24389133
Benin,1997 ,17.22596062,343.0641772,3.140554452,9.727542211,,58.71162961,16.18785117
Benin,1998 ,17.27875476,346.9979857,3.679129003,8.356099995,,59.59362529,15.79857523
Benin,1999 ,17.92908395,355.4397045,3.079595775,8.47284509,,64.19124356,15.98443291
Benin,2000 ,18.02759501,361.9501493,3.690554698,10.31951585,,55.1900174,18.54626736
Benin,2001 ,18.21524069,372.9213324,3.345085667,11.11884941,,53.2380553,17.1104138
Benin,2002 ,18.91879176,377.2487984,2.715104976,7.801521691,,53.17653684,14.39147419
Benin,2003 ,19.54380562,379.4800151,1.556206796,8.428468925,,52.03573283,11.01824579
Benin,2004 ,19.41353753,378.9941491,1.555551248,9.721368573,,48.66013619,13.47055777
Botswana,1980 ,34.5157965,1153.968083,7.288824207,9.922803425,8.475,119.5015463,27.43314535
Botswana,1981 ,35.77629382,1213.88156,6.94490818,8.983878344,9.625,121.2353923,28.84808013
Botswana,1982 ,32.17070954,1314.693598,5.559542606,9.965063547,24.20833333,123.8361801,27.39581838
Botswana,1983 ,27.2310145,1437.677432,4.767274565,8.796904137,13.375,124.6490648,28.90694871
Botswana,1984 ,26.33065392,1509.20752,4.028428664,8.214716727,12,118.7734707,25.35303063
Botswana,1985 ,22.82939249,1564.307997,2.805346661,8.577449947,11.5,117.5228082,32.42886442
Botswana,1986 ,22.36424777,1638.161391,2.674920708,7.228195644,11,117.4595896,36.24708625
Botswana,1987 ,27.5284134,1775.485706,2.76405516,7.878987684,10,123.5717533,38.70283376
Botswana,1988 ,29.95678068,2055.763766,2.06791017,5.664469323,7.833333333,114.4515902,49.81905786
Botswana,1989 ,31.43774493,2254.251209,1.601339009,5.12156607,7.666666667,105.3608646,47.47929927
Botswana,1990 ,32.35588137,2335.83437,2.257403561,3.831018715,7.875,104.8473204,41.64781952
Botswana,1991 ,31.27121036,2437.414831,2.117742998,3.324222091,11.83333333,99.55838535,44.99639306
Botswana,1992 ,29.5505207,2437.701909,2.266829753,2.683249734,14,89.75125459,41.39850707
Botswana,1993 ,26.94635134,2416.589463,1.785643427,3.122469768,14.91666667,86.20739256,43.84101821
Botswana,1994 ,25.52868388,2438.874824,1.610079228,1.962632541,13.91666667,88.04026482,33.23394395
Botswana,1995 ,25.57128746,2483.293334,1.239346464,1.875821795,14.41666667,89.00472178,36.02861918
Botswana,1996 ,24.78199788,2559.717672,1.044146241,1.551092664,14.5,92.01884622,39.80866367
Botswana,1997 ,24.97488135,2757.478268,0.929675176,2.345552449,13.94666667,97.617005,44.15713553
Botswana,1998 ,26.0617332,2986.009108,0.836284556,2.046933655,13.65083333,91.8164472,45.48079177
Botswana,1999 ,24.9417707,3078.101681,0.576508157,1.037933737,14.77583333,92.4840194,34.49710507
Botswana,2000 ,25.8374457,3204.115483,0.465958562,0.543621574,15.47916667,94.46604649,41.42557941
Botswana,2001 ,23.58123298,3268.358809,0.429573882,0.483448671,15.75,79.63234472,35.68184248
Botswana,2002 ,24.52901548,3516.207918,0.4457187,0.610523138,16.20833333,81.99641931,30.18711263
Botswana,2003 ,26.02284573,3691.882799,0.480691249,0.344387379,16.4,79.72793344,35.71210036
Botswana,2004 ,24.81840941,3865.861638,0.910780372,0.499368662,15.75,81.11628412,36.17374716
Burkina Faso,1980 ,14.11968469,152.6109611,7.799526818,10.88597684,14.5,40.21302867,9.299029583
Burkina Faso,1981 ,13.80871585,155.3067067,8.635956582,12.09735772,14.5,40.71152426,8.370865622
Burkina Faso,1982 ,17.2171028,166.024858,6.286996857,11.98039205,16,39.81975145,9.72110308
Burkina Faso,1983 ,17.26397342,162.4898993,7.074641432,11.31927899,14.5,37.45829724,10.75533728
Burkina Faso,1984 ,14.85305278,155.6087869,6.181177424,12.53390576,14.5,39.71870567,11.80984673
Burkina Faso,1985 ,19.1403974,164.588529,8.110940398,12.141116,14.5,40.94754697,18.61610271
Burkina Faso,1986 ,19.14394291,173.1345234,9.410453405,13.20579268,13.5,37.96172943,19.39933776
Burkina Faso,1987 ,19.965683,168.2585864,7.311905062,11.31639992,13.5,39.43994633,17.26262401
Burkina Faso,1988 ,18.45522718,173.3632998,7.149283312,10.96236859,13.58333333,38.12968227,16.9816467
Burkina Faso,1989 ,19.65497931,172.4287089,5.935923377,10.14227116,15.125,32.39475995,24.05958276
Burkina Faso,1990 ,17.74093187,166.8421459,4.503686164,10.52880785,16,35.42265044,15.90064016
Burkina Faso,1991 ,20.00185363,177.11119,3.603386557,13.38577027,16,33.79623643,18.11134787
Burkina Faso,1992 ,19.49376998,172.7467542,5.749943965,19.34503563,16.75,28.37401638,23.41080995
Burkina Faso,1993 ,18.75298704,173.8917479,5.026651144,20.08946749,,29.62508396,21.02001191
Burkina Faso,1994 ,25.71572879,171.3951387,4.239294033,22.82499535,,39.22922224,29.04359359
Burkina Faso,1995 ,22.47980673,176.2594225,3.285468037,20.59030463,,40.74747141,
Burkina Faso,1996 ,22.55213558,190.3330133,2.938649726,16.18912852,,38.18029777,
Burkina Faso,1997 ,24.22601591,196.8155274,3.016789203,15.05350539,,37.41641878,
Burkina Faso,1998 ,22.37186228,205.3908634,2.555253898,14.25931984,,40.93978358,
Burkina Faso,1999 ,18.92747751,214.4973957,2.321625788,13.22203045,,33.52470055,
Burkina Faso,2000 ,18.6949986,212.3764919,2.578941506,6.885592244,,34.26461778,5.120492184
Burkina Faso,2001 ,14.81305769,220.0186815,1.774556143,14.43164944,,32.3692329,3.442704633
Burkina Faso,2002 ,16.93562969,224.8136155,1.832239757,13.71852571,,30.87290647,8.460787912
Burkina Faso,2003 ,18.18070987,235.4767143,1.277968081,12.86233307,,30.73251815,12.3949976
Burkina Faso,2004 ,19.43928583,238.9906353,0.917988227,13.28000879,,37.12858447,10.51013386
Cameroon,1980 ,20.02552846,641.4318341,0.436039088,3.92774848,13,55.01613909,5.226645126
Cameroon,1981 ,24.57136558,729.4355953,0.3758972,2.596398834,13,50.28117841,10.53886884
Cameroon,1982 ,20.5937848,762.1234023,0.259728905,2.894749434,13,62.12539352,22.89431918
Cameroon,1983 ,21.11153717,791.6323343,0.379313879,1.729375877,14.5,59.70119087,21.27203153
Cameroon,1984 ,19.38028093,826.8077331,0.190080941,2.345466818,14.5,64.47202025,24.61828738
Cameroon,1985 ,17.18996846,867.9212259,0.14997152,1.871328137,14.5,65.02458838,23.40908971
Cameroon,1986 ,24.79571834,899.8275579,0.223480717,2.038290002,13.5,46.00580702,23.8331972
Cameroon,1987 ,24.53657747,854.8123204,0.103858364,1.651050115,13,37.32029527,18.67010304
Cameroon,1988 ,20.78481369,764.9579675,0.098626665,2.20622486,13.45833333,31.99460886,19.73516924
Cameroon,1989 ,18.16654893,729.3669958,0.292365519,4.063264651,15,38.47648379,17.75546677
Cameroon,1990 ,17.33476457,665.4106421,0.206179984,3.984906638,18.5,37.49644544,16.16496459
Cameroon,1991 ,16.64571014,622.2354314,0.059010989,4.151879555,18.15,34.63877935,15.43740568
Cameroon,1992 ,14.30538628,586.4431124,0.219458896,6.272029343,17.77,38.86259217,11.07766266
Cameroon,1993 ,13.61128825,552.4920757,0.150321032,4.017986137,17.46,31.74500625,8.80240885
Cameroon,1994 ,12.43333,524.6822672,0.123651004,7.918036877,17.5,38.02387135,11.07988606
Cameroon,1995 ,13.42718112,528.3640454,0.128694031,5.070290694,16,41.36912384,13.82842484
Cameroon,1996 ,13.57623013,541.3029119,0.137787698,4.214711776,22,41.77295279,14.13017798
Cameroon,1997 ,14.337172,555.517306,0.270160261,5.068517326,22,39.78808435,12.31185918
Cameroon,1998 ,14.89982614,570.0967274,0.38955472,5.164366121,22,39.13679388,15.60616712
Cameroon,1999 ,14.66435247,581.6360839,0.250048711,4.141437212,22,38.66667963,15.97255506
Cameroon,2000 ,16.30917284,592.3720003,0.324723966,4.056370088,22,54.00321726,16.14440186
Cameroon,2001 ,20.64774166,605.161077,0.210838015,4.751944443,20.66666667,56.81870093,12.54969612
Cameroon,2002 ,20.20207005,615.2922429,0.325346815,5.568587721,18,51.17198543,13.30329753
Cameroon,2003 ,17.8540098,625.7819278,0.554351396,6.504128509,18,47.36706627,14.85900397
Cameroon,2004 ,19.7335488,634.5093706,0.655384903,5.011994424,18,47.20247275,17.16992759
Cape Verde,1980 ,38.74546481,559.9206642,28.16568014,43.47371411,6.5,84.05058205,38.19473143
Cape Verde,1981 ,48.17032175,601.8469925,22.65527827,34.91120543,6.5,92.16438745,37.54329266
Cape Verde,1982 ,51.50440403,607.8207683,18.38290077,36.54250358,6.5,102.1159213,41.46163905
Cape Verde,1983 ,48.75399676,650.5360837,14.83864169,40.57735844,6.5,102.436767,43.81331156
Cape Verde,1984 ,44.32054979,660.1820209,15.61732631,45.90246112,6.5,100.473455,31.41229222
Cape Verde,1985 ,47.20556502,704.3070693,15.07100439,46.69343019,10,101.8212851,28.85300149
Cape Verde,1986 ,42.14900965,715.1818663,14.45575738,54.59183873,10,93.05252412,23.75671078
Cape Verde,1987 ,41.37361887,738.9140155,15.48374186,35.90174759,10,83.83261885,22.76065771
Cape Verde,1988 ,39.52220889,776.543433,16.17128121,31.17194944,10,76.20162471,23.81816242
Cape Verde,1989 ,38.01281917,811.7141341,17.83537836,31.02653251,10,81.43779252,23.40589415
Cape Verde,1990 ,40.84229618,804.3764952,19.27080433,34.3053277,10,85.95158405,20.88693467
Cape Verde,1991 ,38.79541566,798.493307,19.50007943,31.89223587,10,80.95396924,16.46925734
Cape Verde,1992 ,37.13585167,802.3364283,21.28255737,32.61274456,10,83.93988983,25.48153513
Cape Verde,1993 ,29.4970088,837.8068344,15.59719619,23.44125688,10,60.30643206,17.04906172
Cape Verde,1994 ,43.92491032,871.9461404,21.01763624,29.43327463,10.66666667,71.56344204,33.39398563
Cape Verde,1995 ,39.04588806,913.9044579,21.73069468,23.75659222,12,77.51555133,28.43450516
Cape Verde,1996 ,37.84134808,952.8352477,19.99081597,23.2001702,12,75.48996777,29.25082041
Cape Verde,1997 ,38.95162377,1003.94853,15.57586787,22.59030658,12.05583333,85.97934611,34.68817057
Cape Verde,1998 ,31.61152924,1066.937087,14.12915597,24.82992488,12.51416667,81.88141382,20.34649204
Cape Verde,1999 ,34.61255508,1171.027518,13.35253812,22.89266987,12.03133333,80.96901999,23.91403285
Cape Verde,2000 ,30.45143546,1233.257523,16.11676873,17.37857912,11.93816667,87.52060832,19.56060821
Cape Verde,2001 ,31.68818162,1285.841106,14.37719956,13.71166501,12.84916667,92.16372256,21.69421371
Cape Verde,2002 ,35.94175262,1330.908785,13.70098798,14.73811803,13.17333333,101.0897022,24.15452807
Cape Verde,2003 ,31.10245731,1371.15693,13.33448643,18.08679646,12.73166667,98.76838077,19.87988698
Cape Verde,2004 ,38.93656699,1409.156806,12.26382074,15.47085762,12.69,101.56717,25.28723829
Chad,1980 ,,145.9982252,,3.387213808,11,45.81058347,
Chad,1981 ,,144.2883206,,6.791817654,11,37.76177887,
Chad,1982 ,2.233539651,148.5244809,,7.688436873,11,20.05679761,4.728776138
Chad,1983 ,1.930578819,167.6679331,,10.50316433,11.5,39.96040585,10.16503977
Chad,1984 ,3.412298964,166.7216287,,12.12159147,11.5,42.07083878,8.362198476
Chad,1985 ,5.158556705,197.532568,0.003231923,17.33184104,11.5,43.23366539,1.745738898
Chad,1986 ,5.745287885,183.9995775,0.115198891,15.01271393,11,48.76989914,3.212934634
Chad,1987 ,6.449267853,174.1630398,0.116401349,17.344451,10.5,51.8817264,7.487802872
Chad,1988 ,4.970030204,194.8755301,0.023324858,17.58333164,10.79166667,45.1233829,9.233548324
Chad,1989 ,5.674892444,198.0363564,0.055317736,17.47732389,11.5,45.19009186,4.446432189
Chad,1990 ,4.772111233,183.9450842,,17.86374135,12,41.38702344,2.322177467
Chad,1991 ,4.622168894,193.63608,,13.97393278,18.14583333,36.34954131,3.028088407
Chad,1992 ,5.275640112,202.9064718,0.010840987,12.57806376,17.77083333,35.90456003,2.917921484
Chad,1993 ,6.894185714,165.9582487,0.021962747,15.272156,17.45833333,42.64733334,2.953919039
Chad,1994 ,11.75479956,177.3196912,0.061369213,17.99314876,17.5,50.98835136,11.68259151
Chad,1995 ,14.35719664,174.0673841,,16.25401247,16,55.69655657,
Chad,1996 ,14.96478811,172.4759408,,18.40177029,22,46.61003319,
Chad,1997 ,16.33063858,176.611958,,14.7511839,22,49.31310114,
Chad,1998 ,14.14549089,182.9633107,,9.993726869,22,48.0589829,
Chad,1999 ,16.97228097,175.8341013,,12.24038856,22,50.50786776,
Chad,2000 ,20.94154918,168.4508791,,9.47902398,22,51.57117201,
Chad,2001 ,36.57923975,181.5614382,,11.03110804,20.66666667,64.32190804,
Chad,2002 ,59.72306925,189.9911081,,11.54847194,18,126.3508078,
Chad,2003 ,48.60098273,210.2773835,,9.26492156,18,83.37891496,
Chad,2004 ,22.74035768,271.4754978,,7.648140867,18,101.7685909,
Comoros,1980 ,28.52763368,412.365057,1.310646119,35.01863759,,60.64229295,-0.361800136
Comoros,1981 ,24.90418406,413.3249064,1.069208728,40.57866336,,60.9706632,11.00080818
Comoros,1982 ,29.68456844,425.1892603,2.210855252,35.54968298,,69.52542971,9.509043892
Comoros,1983 ,26.74604578,431.7899909,1.647213856,33.74292504,15,73.51044699,12.0536759
Comoros,1984 ,33.51217868,436.2345258,1.990717062,39.70608129,15,64.55458911,24.33700372
Comoros,1985 ,28.31285585,433.5882348,3.693910935,41.16491236,15,67.05614608,26.08334161
Comoros,1986 ,20.92233811,429.8162191,2.932290734,28.2667413,15,57.93318112,15.83514145
Comoros,1987 ,18.20784201,425.6805905,3.462352793,27.52583044,13,57.74540857,17.68831943
Comoros,1988 ,17.49627856,426.3478491,3.558482764,24.68712628,13,59.75629609,18.13953905
Comoros,1989 ,14.42024352,402.8245936,3.968642101,22.17546068,,54.17133384,15.62402067
Comoros,1990 ,11.91056791,413.1981531,3.973616946,17.94979014,,51.39847813,14.38287746
Comoros,1991 ,11.80525636,381.5793119,4.090191011,25.6458653,,58.21915841,11.42610944
Comoros,1992 ,18.39393681,404.2729281,6.010673024,17.98332216,,59.89099889,15.10119504
Comoros,1993 ,15.65816272,406.4736946,6.081841569,18.44684311,,57.6816915,22.86016722
Comoros,1994 ,19.52010963,375.7381688,8.200281832,20.83312998,,67.32168944,17.31070057
Comoros,1995 ,15.52780722,379.7884299,5.266553011,17.93905806,,64.32981615,11.28645809
Comoros,1996 ,13.63533563,365.5850912,,16.79423543,,59.70463181,
Comoros,1997 ,13.37052754,370.7491163,,13.98870828,,61.16687849,
Comoros,1998 ,14.74035445,365.9346454,,18.61239912,,48.61127142,
Comoros,1999 ,11.92426689,363.3698534,,9.636964468,13.66666667,46.62489541,
Comoros,2000 ,10.09312593,358.9529087,,9.266969185,12,49.27326525,
Comoros,2001 ,10.05250217,361.2062833,,12.52069053,12,46.31409329,
Comoros,2002 ,11.01100021,366.2999224,,10.98094211,12,46.49067353,
Comoros,2003 ,10.30506582,365.4448152,5.859081608,7.563082653,11.83333333,48.7057842,4.425298234
Comoros,2004 ,9.358424656,354.8957028,7.685739546,7.262282678,11,48.08977966,6.840509957
"Congo, Rep.",1980 ,35.76581576,970.9736321,0.18618202,5.343543695,11,120.1442841,26.12098435
"Congo, Rep.",1981 ,48.16318996,1108.999004,0.133121407,4.035089172,11,134.1148237,25.04728798
"Congo, Rep.",1982 ,59.73239437,1330.854746,0.098660381,4.25521956,11,123.7746479,39.25060045
"Congo, Rep.",1983 ,38.43843856,1367.905967,0.076747265,5.118548419,12,109.7097097,36.13413773
"Congo, Rep.",1984 ,30.39123631,1421.332509,0.049576699,4.400110316,12,107.2509129,40.48752461
"Congo, Rep.",1985 ,30.28430264,1364.792651,0.026165809,3.194080108,12,112.7935723,24.87331121
"Congo, Rep.",1986 ,29.45062753,1235.794962,0.00234224,5.798509873,11.5,93.50223489,18.34994921
"Congo, Rep.",1987 ,19.72836302,1204.154144,0.000434431,5.985411014,11.125,80.35519248,24.995918
"Congo, Rep.",1988 ,18.61911988,1192.17118,0.20030349,3.914060053,11.79166667,81.04704097,5.351777056
"Congo, Rep.",1989 ,14.50872395,1190.261643,0.184310791,3.788092749,12.5,83.35300932,14.59950074
"Congo, Rep.",1990 ,17.23097113,1170.024588,0.156383181,7.759189154,13.5,34.63251444,31.77735958
"Congo, Rep.",1991 ,19.65656303,1166.299382,0.159614389,4.89090513,18.14583333,73.11631091,17.57838975
"Congo, Rep.",1992 ,20.58217414,1165.298657,0.147337899,3.848667876,17.77083333,59.31741892,32.33210208
"Congo, Rep.",1993 ,28.94356006,1123.5342,0.223778352,6.376336715,17.45833333,75.54706653,21.08028559
"Congo, Rep.",1994 ,52.93884116,1033.593241,0.241144637,20.45083464,17.5,137.2152582,28.80795333
"Congo, Rep.",1995 ,34.30034558,1045.775938,0.200340845,5.900745357,16,128.3125043,-2.301749771
"Congo, Rep.",1996 ,31.7209356,1060.600119,0.30776333,16.89654095,22,128.4076633,-0.20924836
"Congo, Rep.",1997 ,21.59902633,1024.542516,0.196946227,11.56360232,22,135.7581795,9.274813016
"Congo, Rep.",1998 ,24.33675333,1033.349474,0.099382662,3.329603486,22,148.9016625,6.024347441
"Congo, Rep.",1999 ,26.58524805,979.6144362,0.495618574,5.962421388,22,131.3941903,17.68209575
"Congo, Rep.",2000 ,20.91166848,1026.831555,0.321526718,0.995058662,22,123.9098844,36.17262976
"Congo, Rep.",2001 ,26.26875946,1040.151821,0.433725528,2.640413077,20.66666667,130.7324811,22.02523533
"Congo, Rep.",2002 ,22.54294741,1062.807865,0.03895672,1.909275491,18,135.4560711,23.54827371
"Congo, Rep.",2003 ,25.48002788,1047.17437,0.354365587,1.978049104,18,156.8617773,30.74157346
"Congo, Rep.",2004 ,21.90546993,1058.23658,0.321687434,2.484173376,18,131.3681987,17.04504336
Cote d'Ivoire,1980 ,24.35462174,909.0070675,0.316293787,2.061791318,14.5,76.1802897,8.558322443
Cote d'Ivoire,1981 ,24.36938258,900.0737956,0.366588125,1.459219536,14.5,77.45919888,6.955372664
Cote d'Ivoire,1982 ,21.66411974,863.4311611,0.382047785,1.802933809,16,75.75002167,8.364286815
Cote d'Ivoire,1983 ,17.72200553,795.2365324,0.395272091,2.271363018,14.5,72.68017697,5.303550199
Cote d'Ivoire,1984 ,12.96537906,742.6592873,0.364609482,1.797668592,14.5,77.10319819,14.13614568
Cote d'Ivoire,1985 ,11.77108552,746.1494783,0.344519586,1.681941472,14.5,79.17251371,13.93071406
Cote d'Ivoire,1986 ,11.8174755,742.0833526,0.390973052,1.904501488,13.5,69.67735716,9.951365075
Cote d'Ivoire,1987 ,11.76969848,713.4016106,0.425502581,2.38390402,13.5,63.05024828,3.744519039
Cote d'Ivoire,1988 ,11.4848529,696.8595185,0.415782166,4.141618401,13.58333333,58.37827152,1.538602086
Cote d'Ivoire,1989 ,10.31752261,693.3078299,0.363029468,4.043695761,15.08333333,61.08854404,-4.377139257
Cote d'Ivoire,1990 ,8.502141866,662.8675347,0.411658443,6.357998331,16,58.80149561,-5.106804618
Cote d'Ivoire,1991 ,8.57419991,641.2072899,0.395264526,6.003262145,16,56.99782131,-3.697247547
Cote d'Ivoire,1992 ,8.502421731,618.8025745,0.443997119,6.775772848,16.75,60.02506534,-2.232309597
Cote d'Ivoire,1993 ,9.345464499,598.018497,0.521142067,6.907899334,,55.34852185,-0.802121443
Cote d'Ivoire,1994 ,11.54921231,584.5253864,1.328068385,19.16267491,,69.83665802,14.22915815
Cote d'Ivoire,1995 ,13.68612315,608.1200345,1.373229675,11.01658078,,76.20234391,11.78680097
Cote d'Ivoire,1996 ,14.80802716,637.2058658,1.210978401,7.942593268,,73.51927601,10.42808331
Cote d'Ivoire,1997 ,14.33666716,656.158427,1.163420028,3.807472025,,74.5100372,13.37056083
Cote d'Ivoire,1998 ,10.68676983,670.6147102,1.115328003,7.565614594,,72.46157722,10.66556603
Cote d'Ivoire,1999 ,14.41081361,665.9728897,1.095537447,3.562788303,,72.5352477,11.72883198
Cote d'Ivoire,2000 ,11.19096094,628.2281148,1.145401594,3.365344729,,73.75112921,7.9836585
Cote d'Ivoire,2001 ,9.893791801,616.5235814,1.100063388,1.762967993,,75.30691712,10.59092379
Cote d'Ivoire,2002 ,10.87799701,597.5229751,1.045494297,9.29530084,,83.42795434,16.75300222
Cote d'Ivoire,2003 ,9.715427691,578.9671333,1.030782051,1.846553784,,80.74793396,12.25793992
Cote d'Ivoire,2004 ,9.845415182,580.1682888,1.028339677,1.03687772,,87.91055829,12.35805024
Ethiopia,1980 ,,,,,,,
Ethiopia,1981 ,14.50556319,140.6684857,0.144213626,3.368348487,,19.56254516,11.0570831
Ethiopia,1982 ,14.69082112,138.0133541,0.133262127,2.605957323,,19.17206228,10.84064458
Ethiopia,1983 ,13.02580999,144.7947735,0.129540434,3.976950972,,17.79987829,10.99320695
Ethiopia,1984 ,17.76891354,136.1884244,0.14309815,4.473192257,,21.50380395,15.38047314
Ethiopia,1985 ,11.42974715,117.1536725,0.150954066,7.635547797,8.5,17.33609896,11.90977081
Ethiopia,1986 ,16.96942202,124.4127561,0.138891214,6.457194395,7.25,19.06862685,13.19571313
Ethiopia,1987 ,16.1337415,137.1780919,0.081847136,5.966007012,6,17.61794291,13.89862106
Ethiopia,1988 ,23.38364447,133.4868899,0.104419346,8.917861953,6,17.44160067,21.18627767
Ethiopia,1989 ,13.54478752,128.716647,0.056837966,6.390136837,6,17.14640249,11.8269109
Ethiopia,1990 ,12.93534051,127.8881274,0.043181114,8.352936674,6,14.40627512,12.81134878
Ethiopia,1991 ,11.06835527,114.8041785,0.073034412,8.171794726,6,13.23948014,9.18408303
Ethiopia,1992 ,10.71359547,101.3381627,0.144232184,11.16385247,8,10.83072511,14.1975054
Ethiopia,1993 ,16.52987789,110.8595871,0.245492221,14.43475561,14,20.18409924,13.90777082
Ethiopia,1994 ,16.37967509,110.7151708,0.338467166,14.61162522,14.33333333,21.22213209,18.2319841
Ethiopia,1995 ,17.95807832,113.8715341,0.354270169,11.34934255,15.08333333,25.41510765,20.66119575
Ethiopia,1996 ,16.60465852,124.2481159,0.189756634,9.670327022,13.91666667,25.54261953,17.03419881
Ethiopia,1997 ,19.7504154,124.5247598,0.107213603,6.716193148,10.5,29.23200073,17.01141459
Ethiopia,1998 ,21.15280729,116.9460052,0.349981069,8.459158722,10.5,33.37795149,20.04787064
Ethiopia,1999 ,21.91433626,119.7201104,0.455687021,8.688406473,10.58166667,35.76611581,15.43349452
Ethiopia,2000 ,20.27967831,123.6809168,0.65541392,8.472968839,10.89166667,36.00442204,15.96642395
Ethiopia,2001 ,21.45324651,130.5134412,0.22768624,13.71472031,10.86516667,35.7245726,19.42277525
Ethiopia,2002 ,23.92655274,129.157133,0.424636271,17.04858233,8.661,39.20873362,20.43200422
Ethiopia,2003 ,21.8438174,123.2536677,0.544214707,19.04720163,7,40.73143926,21.41873278
Ethiopia,2004 ,25.46706404,136.6187298,1.332719211,18.21932628,7,46.48114212,22.14600522
Gabon,1980 ,26.67551427,5265.343122,0.00110595,1.298707995,12.5,96.35036496,47.83123203
Gabon,1981 ,33.07289185,5373.963444,0.004764173,1.117736713,12.5,104.0590758,48.84230586
Gabon,1982 ,32.34081924,5054.612033,0.001682227,1.709504309,12.45833333,101.2616705,46.65152662
Gabon,1983 ,36.32283525,5179.043572,0.008511955,1.8712722,13,104.8672909,41.63120019
Gabon,1984 ,31.30060404,5400.012659,0.002570364,2.113744879,13,99.29314998,43.68140342
Gabon,1985 ,40.87304232,5113.415634,0.003998667,1.818908696,12.66666667,119.8533822,37.12695768
Gabon,1986 ,46.1016374,4917.137281,0.006787138,2.310762646,11.5,89.89564775,15.29227115
Gabon,1987 ,27.62851061,3949.078687,0.009125013,2.506553545,11.125,87.91442761,12.67565654
Gabon,1988 ,37.93888456,4318.828219,0.00350232,2.757593085,11.79166667,78.52202075,21.41055959
Gabon,1989 ,26.02770498,4541.664387,0.003743916,3.154491653,12.5,86.99363534,22.29277424
Gabon,1990 ,21.44884611,4626.781529,0.01471504,2.204696293,12.5,76.89744539,24.25212884
Gabon,1991 ,26.11860279,4753.106746,0.029521613,2.641349596,18.14583333,80.53493855,27.99446428
Gabon,1992 ,22.06369148,4459.123397,0.041380796,1.221481153,17.77083333,79.86884209,19.14930046
Gabon,1993 ,22.88939326,4489.095839,0.06927537,2.298884658,17.45833333,83.34303654,17.83978601
Gabon,1994 ,21.07219786,4513.865843,0.089540225,4.314908018,17.5,99.9266868,29.44613667
Gabon,1995 ,22.6769546,4600.584294,0.090174531,2.894625285,16,95.13469619,32.67077137
Gabon,1996 ,23.46196,4635.670938,0.100590497,2.218284382,22,95.67090085,40.4553634
Gabon,1997 ,30.15020452,4772.778502,0.115371008,0.728953129,22,98.53626451,40.73646904
Gabon,1998 ,38.41209907,4814.998402,0.124083176,0.993884729,22,95.97478261,25.71443416
Gabon,1999 ,26.16858187,4279.795895,0.091083246,1.02101831,22,97.73145246,34.54066498
Gabon,2000 ,21.90205643,4102.624602,0.119394712,0.23007714,22,101.7019289,41.65401031
Gabon,2001 ,25.70939011,4097.561424,0.113815961,0.180994543,20.66666667,92.07456509,36.6877095
Gabon,2002 ,24.51185415,3999.953933,0.057721401,1.453106443,18,87.90617363,31.36632872
Gabon,2003 ,23.95510111,4015.10733,0.098917337,-0.174569842,18,86.41983575,33.43835765
Gabon,2004 ,24.39313895,3988.362889,0.095461618,0.555436706,18,94.22601154,35.41816186
"Gambia, The",1980 ,,630.4766662,0.162153949,21.83479168,15,106.334686,16.35490638
"Gambia, The",1981 ,25.33390221,628.4387031,0.132273549,30.79979352,18,110.718136,24.28971736
"Gambia, The",1982 ,22.46033057,600.7492097,0.086930173,21.34222957,18,103.9725423,19.86792246
"Gambia, The",1983 ,18.88316547,640.4174054,0.328480077,18.91790323,18,112.970544,10.04140797
"Gambia, The",1984 ,18.31340466,635.8501573,,29.18108355,18,115.9141347,12.13709
"Gambia, The",1985 ,15.0861832,603.2702571,,21.28240603,14.48333333,97.78146913,8.216957509
"Gambia, The",1986 ,16.59925327,599.0815788,,54.61979374,28,102.7224692,-1.411247044
"Gambia, The",1987 ,17.12583291,584.642583,,46.81668291,27.91666667,108.7049923,31.46464172
"Gambia, The",1988 ,16.35596285,582.1885759,,31.20685189,29.54166667,108.8189956,30.114741
"Gambia, The",1989 ,20.36525845,589.4634565,,34.72472346,26.83333333,120.3373998,17.45710517
"Gambia, The",1990 ,22.34319423,586.2970526,,30.6732902,26.5,131.4854139,21.85366261
"Gambia, The",1991 ,20.33774529,583.3210365,,14.41958567,26.5,64.10294601,19.37339829
"Gambia, The",1992 ,24.78933024,584.0733272,,15.23827098,26.75,67.44308257,24.05360556
"Gambia, The",1993 ,5.277755587,584.2727859,,11.2444234,26.08333333,64.62992044,0.48916693
"Gambia, The",1994 ,4.685494084,568.9004705,,9.228473875,25,49.91607889,0.36395969
"Gambia, The",1995 ,6.903703561,558.0128043,,5.779899086,25.04166667,59.2767979,-0.190473322
"Gambia, The",1996 ,6.779200299,554.6001903,,4.251158336,25.5,50.95439476,0.984660988
"Gambia, The",1997 ,5.175169427,565.7326917,,4.82433926,25.5,48.31749825,4.229527036
"Gambia, The",1998 ,4.884401737,569.3354283,,4.679363242,25.375,53.87096212,
"Gambia, The",1999 ,4.755047366,588.8347706,,4.200195096,24,52.41329654,
"Gambia, The",2000 ,4.562497866,603.5953462,,6.340416507,24,56.35981944,
"Gambia, The",2001 ,11.17274015,620.1534733,,7.689726896,24,46.92926331,
"Gambia, The",2002 ,7.278327449,582.399702,,11.33621536,24,59.64295086,
"Gambia, The",2003 ,10.03888568,604.0681646,11.10175468,12.9250515,29.33333333,68.85879311,7.789571448
"Gambia, The",2004 ,24.21659184,627.7599801,10.4958985,10.51339217,36.5,82.98503399,17.5212678
Ghana,1980 ,6.097731615,241.9462395,0.02024643,4.292468208,19,17.62111479,6.324050658
Ghana,1981 ,4.722826454,226.7589089,0.03315617,3.413190833,19,10.07903451,5.70335256
Ghana,1982 ,3.531480048,204.1828801,0.037165561,3.437318821,19,6.320343068,5.554913884
Ghana,1983 ,3.761179716,188.1486653,0.012323542,2.671497465,19,11.54489874,4.256861618
Ghana,1984 ,6.852975793,197.4867748,0.106520894,4.830155959,21.16666667,18.81463522,6.745977887
Ghana,1985 ,9.529481176,200.9364455,0.093243362,4.314281553,21.16666667,24.24385285,8.034269069
Ghana,1986 ,9.295514567,205.1677706,0.010475587,6.265797719,20,36.71168142,6.933397915
Ghana,1987 ,10.36027273,209.0656817,0.013793565,8.059777225,25.5,45.84816495,7.570878123
Ghana,1988 ,11.23951978,214.965181,0.115432543,11.07363623,25.58333333,42.2455037,9.964027614
Ghana,1989 ,13.15616392,219.9076008,0.114247319,13.62456398,,41.08584313,11.40523431
Ghana,1990 ,14.38622503,221.0716696,0.101881827,9.504216034,,42.72816153,10.53332155
Ghana,1991 ,15.82342319,226.2823318,0.093894847,13.30626275,,42.4883211,11.86265693
Ghana,1992 ,12.73600091,228.4587968,0.113776644,9.550692009,,45.99356699,6.932562705
Ghana,1993 ,23.78554273,232.8512761,0.169210246,10.48466894,,56.66913481,12.83639754
Ghana,1994 ,22.57444765,234.0064503,0.288265389,10.03016667,,62.02115067,19.07728773
Ghana,1995 ,21.13084872,237.2935875,0.266221576,10.03080004,,57.42309273,17.62559991
Ghana,1996 ,20.2986621,242.0582959,0.396654564,9.373019474,,72.20494573,18.09531767
Ghana,1997 ,23.83550385,246.197848,0.377279977,7.162805468,,85.40183999,10.41087369
Ghana,1998 ,22.36355227,251.7652913,0.39427579,9.376412902,,80.59954489,18.03163084
Ghana,1999 ,20.46744342,256.7399526,0.397765734,7.874725011,,81.70510323,9.363190706
Ghana,2000 ,23.09813093,259.9906944,0.650166193,12.00457797,,116.0484325,15.26586712
Ghana,2001 ,27.1229213,263.9615458,0.863786047,12.05334838,,110.0458546,21.09272612
Ghana,2002 ,18.77494577,269.2285553,0.705783462,11.12841479,,97.48924392,18.75432519
Ghana,2003 ,22.93692854,276.4051992,0.85290814,12.88465858,,97.28714491,21.15629517
Ghana,2004 ,28.37750713,284.8491549,0.927455362,15.97368556,,99.67033448,22.87168797
Guinea,1980 ,,,,,,,
Guinea,1981 ,,,,,,,
Guinea,1982 ,,,,,,,
Guinea,1983 ,,,,,,,
Guinea,1984 ,,,,,,,
Guinea,1985 ,,,,,,,
Guinea,1986 ,14.93001653,339.6020561,0.003640901,8.752206454,14,59.16431803,11.41144898
Guinea,1987 ,16.25847244,342.3719285,0.003428787,10.81586499,15,62.33510294,12.19879679
Guinea,1988 ,17.08733976,354.0356997,1.120246926,10.69330424,15,57.9471409,11.02830778
Guinea,1989 ,17.18292446,355.4204854,0.918574435,14.93238539,17.25,60.87956889,14.89971586
Guinea,1990 ,22.93354161,354.5049157,0.673887733,10.93445703,21.16666667,64.51701902,19.21892474
Guinea,1991 ,21.10684642,344.3714559,0.451094329,12.52184752,24.5,60.91646298,19.54312301
Guinea,1992 ,20.13279635,334.5915453,0.281006165,13.61738287,27,50.94789292,19.76155956
Guinea,1993 ,20.27277384,330.7490435,0.148213062,12.51210972,24.5,54.60231908,23.5753972
Guinea,1994 ,19.57948538,325.9482525,0.014483248,10.58843688,22,48.61483782,21.87488624
Guinea,1995 ,19.89171187,326.7392477,0.020033823,11.26009122,21.5,45.64418167,20.65011256
Guinea,1996 ,19.10919404,330.8007569,0.027707187,7.703735175,21,43.54017378,15.98352307
Guinea,1997 ,19.63335376,340.2514058,0.039114236,10.07640873,20.5,42.4150697,17.84536703
Guinea,1998 ,17.87886776,346.9780635,0.138781444,10.01511552,19.5625,48.21067586,13.61081422
Guinea,1999 ,18.9103166,355.2354859,0.173804927,6.865663849,19.875,47.67304857,15.43641804
Guinea,2000 ,19.59366978,358.9629091,0.038942053,5.105561619,19.375,53.48171901,16.10914496
Guinea,2001 ,15.49875354,366.4798648,0.307607071,10.1943122,12.875,58.59690975,15.12991146
Guinea,2002 ,14.29923531,379.4682217,0.514978616,8.60648265,,55.44823507,12.4973423
Guinea,2003 ,19.81402134,378.0978646,3.222047841,7.379494094,,51.14213902,19.18547468
Guinea,2004 ,19.74609777,380.6180765,1.135734744,7.596930795,,50.44221808,12.62315347
Guinea-Bissau,1980 ,28.18096136,151.8975193,,52.50609005,,54.52947147,
Guinea-Bissau,1981 ,25.74570806,174.9792805,,41.43941345,,46.91172685,
Guinea-Bissau,1982 ,28.25951848,178.5481775,,38.19998183,,49.12541127,-15.09364863
Guinea-Bissau,1983 ,22.66194452,169.4032163,,38.53218967,,38.26285904,-10.50017987
Guinea-Bissau,1984 ,37.7245507,181.6855819,,39.27674334,,64.68263099,-3.754015731
Guinea-Bissau,1985 ,35.10014279,185.9074081,,39.25446344,,67.46752482,-4.318548757
Guinea-Bissau,1986 ,23.77964577,180.9992547,,53.17718379,18,37.0703294,13.83014218
Guinea-Bissau,1987 ,35.21446483,182.685999,,63.89342092,18,50.32315773,12.86012798
Guinea-Bissau,1988 ,44.70130371,187.3503266,0.912086321,61.30436194,30,63.60909112,14.60840108
Guinea-Bissau,1989 ,38.98193216,194.8454906,0.563002257,53.90746615,38.33333333,55.08023537,6.937839313
Guinea-Bissau,1990 ,29.92581883,202.6287543,0.409899911,51.79085373,45.75,46.97050242,14.47664321
Guinea-Bissau,1991 ,30.98937433,208.706155,0.453690426,43.87312807,47,47.77361012,3.91571085
Guinea-Bissau,1992 ,48.39673911,206.7358075,0.589153411,47.41210904,50.33333333,55.01437566,7.756228863
Guinea-Bissau,1993 ,30.85746914,206.7946508,0.63322982,39.90614452,63.58333333,41.58630061,7.406867424
Guinea-Bissau,1994 ,21.77070413,209.1097967,0.707353501,74.00051092,36.33333333,50.76377899,7.451113588
Guinea-Bissau,1995 ,22.30105481,213.9674685,0.721878801,46.30524325,32.91666667,46.81043302,9.672650672
Guinea-Bissau,1996 ,23.05207553,234.103919,0.73959087,66.84792081,51.75,42.3601715,6.570223509
Guinea-Bissau,1997 ,23.99925484,244.4836415,0.744737468,46.30405209,,60.8998979,14.44203096
Guinea-Bissau,1998 ,11.33500821,172.4014979,1.940849629,46.41632065,,50.28654212,
Guinea-Bissau,1999 ,16.8,170.8322857,2.679505834,23.35521582,,67.67764754,
Guinea-Bissau,2000 ,11.3,173.6636033,2.166844499,37.62706426,,83.35179577,
Guinea-Bissau,2001 ,15,182.6478909,5.038382665,30.49721675,,91.55971513,-14.56946334
Guinea-Bissau,2002 ,9.645685417,182.7354144,8.659304199,29.48713402,,81.04154945,-0.044400401
Guinea-Bissau,2003 ,8.972637128,170.3727619,4.866418778,31.65680369,,43.27161881,6.469404703
Guinea-Bissau,2004 ,8.713351415,165.8176513,5.29971859,14.61584975,,44.84511204,7.894610383
Kenya,1980 ,18.32275948,435.5557894,0.178074562,5.433900416,10.58333333,65.41679589,17.22400574
Kenya,1981 ,18.61132611,435.0780555,0.108036636,6.538048855,12.41666667,64.28018576,19.55689903
Kenya,1982 ,19.0277845,425.0937584,0.109611974,7.534696737,14.5,58.2157371,15.05951647
Kenya,1983 ,18.11458912,414.5926945,0.095486744,6.62463376,15.83333333,54.16270534,18.49699566
Kenya,1984 ,17.15324296,406.2731223,0.094125451,6.596691452,14.41666667,58.8038976,14.05808385
Kenya,1985 ,17.27142511,408.2825798,0.103162731,6.954484302,14,55.44543457,20.15463498
Kenya,1986 ,19.63592774,421.8652297,0.138770409,6.11897011,14,55.74138561,17.18047385
Kenya,1987 ,19.62612404,431.1219088,0.131904193,6.990748291,14,47.702768,18.27712198
Kenya,1988 ,20.44687558,441.979377,0.144317875,9.958014028,15,49.97498212,20.34681972
Kenya,1989 ,19.45809963,446.9613736,0.135560119,12.79349671,17.25,53.15637723,19.31076529
Kenya,1990 ,20.64819763,450.1718213,0.091634013,13.78022056,18.75,57.02091368,18.5522253
Kenya,1991 ,19.03009714,441.7092364,0.047094487,11.24285408,18.9975,55.59769922,19.11398844
Kenya,1992 ,16.58137009,424.1409301,1.017121395,10.75803408,21.0675,52.9308701,14.62182405
Kenya,1993 ,16.93761611,412.3969705,2.053969306,15.8974952,29.98916667,72.85848134,37.32162044
Kenya,1994 ,18.87307148,410.6019064,0.998358107,9.465807739,36.24,71.26612524,33.47749773
Kenya,1995 ,21.38558662,416.4573819,0.967220385,8.090029803,28.79583333,71.74574165,23.17995654
Kenya,1996 ,16.00905817,421.9441966,0.726746299,4.939620168,33.78666667,57.31211071,15.8237859
Kenya,1997 ,15.38790076,412.9163069,3.862642848,3.420311506,30.245,54.05711686,15.44307755
Kenya,1998 ,15.67521329,415.7071678,3.774037439,2.946005634,29.49,48.89724194,18.33655024
Kenya,1999 ,15.59143148,414.6000627,4.535156791,2.407488731,22.38,48.19227499,21.8144033
Kenya,2000 ,16.70880651,406.5230596,4.233647429,4.035465326,22.33916667,53.30904438,13.50578044
Kenya,2001 ,18.15155736,411.0713321,0.392071914,3.628756356,19.66583333,55.94683603,14.02653169
Kenya,2002 ,17.23687985,402.6288259,0.434625975,2.98766245,18.45333333,55.17267226,13.98705631
Kenya,2003 ,15.83820913,403.6788859,0.441781191,3.5090064,16.57333333,54.1322659,15.24876016
Kenya,2004 ,16.25922348,413.3182833,2.334910372,4.10206155,12.53166667,59.47700335,16.05211266
Lesotho,1980 ,35.61375305,278.7208091,60.99375187,21.58766765,11,131.0919369,49.5598493
Lesotho,1981 ,36.05309396,273.2687433,66.92913385,23.78078751,15,136.2992126,38.03218032
Lesotho,1982 ,43.98570395,272.9246023,106.4788732,28.24650484,17,170.4253521,49.52409728
Lesotho,1983 ,32.09078239,272.0972376,106.3131313,29.87250959,15.41666667,166.4924283,44.43777266
Lesotho,1984 ,37.30491512,278.6101667,106.4563758,32.49570976,17.58333333,175.2528036,39.17680339
Lesotho,1985 ,40.72866141,279.2078884,90.40579712,37.21725751,19.66666667,161.6130493,36.90897614
Lesotho,1986 ,34.73208011,288.3147613,87.90813162,29.38192826,13.41666667,148.409641,42.0341596
Lesotho,1987 ,38.70598204,282.5949052,95.59802759,28.38804455,11.125,145.4636703,41.59217066
Lesotho,1988 ,47.07574937,300.9977916,86.43806513,25.34090182,13.66666667,161.7158357,36.22972005
Lesotho,1989 ,53.27148145,311.6656676,80.84195885,29.79529988,18.75,161.00873,52.34585739
Lesotho,1990 ,56.62541412,323.2726251,78.57042178,25.54818648,20.41666667,140.3165828,70.01390322
Lesotho,1991 ,72.29688761,329.8558646,71.79726101,20.25566643,20,163.983644,72.65512949
Lesotho,1992 ,70.38243682,347.5227657,63.20672237,19.86833811,18.25,154.5073561,71.04093827
Lesotho,1993 ,63.61718266,352.742811,55.5370869,19.82540759,15.83333333,149.7653855,59.48918391
Lesotho,1994 ,66.73441419,364.9199375,42.33561767,15.31306614,14.25,146.3262682,73.65900302
Lesotho,1995 ,70.13483009,365.3704299,47.78653867,13.11268053,16.375,143.6999698,37.30196567
Lesotho,1996 ,74.82057288,377.1291829,47.51016792,12.64925392,17.70833333,159.0344658,38.03455674
Lesotho,1997 ,61.96626163,384.9613597,44.04970947,10.62320087,18.03333333,154.1068368,25.8751835
Lesotho,1998 ,47.86501568,384.3103387,35.95632454,7.465014183,20.0625,182.6710817,-19.14064066
Lesotho,1999 ,54.13518611,379.1978513,34.42589134,3.870046944,19.0625,166.8368389,-0.466893267
Lesotho,2000 ,41.06358841,392.6927398,61.92866684,4.754923486,17.11166667,169.5814649,3.705190214
Lesotho,2001 ,36.7816174,404.1343157,56.80088528,7.802602834,16.55416667,190.3879756,44.21092459
Lesotho,2002 ,33.35684975,401.9854159,59.17798945,11.69300973,17.11,209.8743333,42.59281512
Lesotho,2003 ,33.18507308,416.9613742,57.45771063,8.137794196,16.015,199.437632,36.30333705
Lesotho,2004 ,26.44554397,422.7604411,50.81489214,7.94362197,12.375,186.1515197,34.42451159
Madagascar,1980 ,14.40036815,359.9436907,0.009367481,5.678922689,,43.08061251,-0.734648075
Madagascar,1981 ,12.07201378,316.7581406,0.006142286,6.480905181,,34.32151292,0.4566729
Madagascar,1982 ,7.918091809,303.2762338,0.003243494,6.809600461,,31.89067555,-0.867567652
Madagascar,1983 ,,298.4251841,0.003307854,5.159509678,,28.10468932,0.769131122
Madagascar,1984 ,8.61949947,295.8589576,0.191736765,5.110077986,,31.19179632,2.145794746
Madagascar,1985 ,8.546173721,291.4985944,0.160039074,6.460711174,,32.74957069,-0.197017437
Madagascar,1986 ,9.039490141,289.2287118,0.180150433,9.508671896,,27.69546264,6.010375007
Madagascar,1987 ,10.10653084,284.5644347,0.181174577,12.8853122,,39.07052674,4.320483827
Madagascar,1988 ,13.29437769,285.9508944,0.164975752,12.11787433,,39.39813533,7.707435403
Madagascar,1989 ,13.38945389,289.0868754,0.389965601,13.89999187,22.25,40.71977267,10.319143
Madagascar,1990 ,14.817296,289.4941085,0.255419921,12.88212241,25.8,44.62933762,9.132909861
Madagascar,1991 ,10.65557522,263.2905835,0.494920328,17.15362416,24.5,44.79833535,-1.858985089
Madagascar,1992 ,11.20868275,258.5376868,0.503060642,11.95420288,25,41.05105223,4.419518725
Madagascar,1993 ,11.4475837,256.0721212,0.401794506,10.71601628,26,39.93284569,3.738877041
Madagascar,1994 ,10.90312524,248.1562506,0.428074683,9.678738425,30.5,51.63112303,1.655974812
Madagascar,1995 ,10.94240116,244.6940024,0.436902683,9.475296527,37.5,55.84594095,2.430959046
Madagascar,1996 ,11.63700426,242.2391988,0.283454681,8.878284756,32.75,46.49672005,7.429099664
Madagascar,1997 ,12.81397167,243.3822039,0.343634712,23.4927364,30,51.82613662,7.358188842
Madagascar,1998 ,14.78140183,245.0811228,0.30658018,12.85204513,27,50.79799663,7.40261047
Madagascar,1999 ,14.92042787,248.5521079,0.312628029,9.632778154,28,56.67500809,8.910394316
Madagascar,2000 ,15.0449648,252.3825167,0.290640049,8.257528358,26.5,68.68443533,8.813312687
Madagascar,2001 ,18.49970244,259.4294043,0.240006966,8.174055644,25.25,61.37074193,16.83242127
Madagascar,2002 ,14.26292655,219.7202784,0.666861441,8.504397044,25.25,38.58222494,9.942703388
Madagascar,2003 ,17.89299106,234.008294,0.296519146,9.980397939,24.25,55.15923812,13.00529207
Madagascar,2004 ,23.37860039,238.996113,0.263676149,28.93604439,25.5,80.12032439,14.14921575
Malawi,1980 ,22.19679563,160.2232084,,11.40699059,16.66666667,63.64540639,7.845839005
Malawi,1981 ,15.14303807,147.7407881,,11.03994857,18.5,57.16090771,9.897420033
Malawi,1982 ,14.58734746,147.7910253,,10.18817092,18.5,51.34071933,13.27894355
Malawi,1983 ,13.72999365,149.332191,,9.441435164,18.33333333,49.07446287,12.59581384
Malawi,1984 ,13.0432241,152.2302026,,15.00960941,16.5,54.79676907,13.25387825
Malawi,1985 ,13.34258853,152.5990162,,9.940336998,18.375,54.09018712,11.41528675
Malawi,1986 ,12.22933424,144.4648578,,16.4310753,19,47.95950862,8.823868254
Malawi,1987 ,15.38785332,138.3718826,,23.31558393,19.5,53.26241043,13.8281513
Malawi,1988 ,18.12188683,134.6783539,,27.2188941,22.25,55.86521322,17.77468749
Malawi,1989 ,20.24976102,129.9353945,,26.2419546,23,53.29748038,16.6356803
Malawi,1990 ,20.11787715,132.5055352,,26.60379653,21,57.20284036,16.36528233
Malawi,1991 ,16.99799227,141.0247834,,24.94036811,20,52.57889368,17.35836939
Malawi,1992 ,17.15863291,129.360236,,32.06616185,22,65.6620582,5.0510176
Malawi,1993 ,12.97742569,141.3153563,,23.97028411,29.5,48.35227279,4.595877776
Malawi,1994 ,26.77365918,126.188337,0.064892926,39.78162448,31,91.37795723,5.463030512
Malawi,1995 ,14.81703053,145.6410746,0.037456116,31.06649391,47.33333333,78.45689864,7.504921426
Malawi,1996 ,9.749707573,153.3909449,0.028379794,21.5489511,45.33333333,54.70242304,6.604077874
Malawi,1997 ,9.315434894,155.3738924,0.027971378,12.91434987,28.25,54.94191403,1.252518056
Malawi,1998 ,11.09607088,156.9657643,0.042664974,24.82141394,37.66666667,70.8751772,12.80562353
Malawi,1999 ,12.6065066,157.1518033,0.042056168,25.14865479,53.58333333,71.31597309,4.32072792
Malawi,2000 ,12.32210325,155.2715445,0.042838171,25.58694531,53.125,60.93863556,9.517846575
Malawi,2001 ,13.7991073,143.700152,0.043512093,23.85257829,56.16666667,67.11840366,10.13274519
Malawi,2002 ,10.3097555,142.3914479,0.031656408,14.188272,50.54166667,54.95674766,7.182888557
Malawi,2003 ,14.13920487,146.3657361,0.573778506,21.36921104,48.91666667,67.29279467,6.992942711
Malawi,2004 ,16.22263002,149.4329748,0.69790969,19.26040078,36.83333333,68.15434859,6.167886571
Mali,1980 ,15.46789382,211.9896756,3.323376442,14.90596542,14.5,43.7997178,8.377548296
Mali,1981 ,15.9724993,198.5509915,3.190661216,15.26527842,14.5,42.74746836,6.402133679
Mali,1982 ,16.28448853,185.3915294,2.968923695,15.733262,16,44.10972417,7.419668349
Mali,1983 ,12.14856245,190.2545565,2.817906447,16.86960784,14.5,47.64086366,4.019671031
Mali,1984 ,12.30895341,194.6761347,2.478185029,24.36967606,14.5,50.61710494,3.120643665
Mali,1985 ,15.77458044,169.4842923,5.100052365,28.82350014,14.5,60.73306731,-1.011115775
Mali,1986 ,20.71522659,180.8609463,4.07766493,22.56352363,13.5,52.5936525,5.588162947
Mali,1987 ,20.74074139,177.3180559,4.565030173,18.64569226,13.5,49.64832259,10.17372561
Mali,1988 ,21.3221819,177.3665666,3.759391888,22.35246465,13.58333333,50.94651658,10.7317044
Mali,1989 ,21.70179707,195.0958221,3.782982198,22.27230868,15.08333333,49.36830788,
Mali,1990 ,22.96723329,187.959171,4.41595863,19.79082451,16,50.87697023,15.04262844
Mali,1991 ,22.76517918,186.9339328,3.839063763,18.56003492,16,52.83686991,17.08251535
Mali,1992 ,21.85377206,197.7167478,4.085795066,15.06319667,16.75,48.27913264,14.72846656
Mali,1993 ,21.80759614,188.5674516,4.690755534,13.796287,,47.06382543,15.12356743
Mali,1994 ,27.32836009,185.2899002,5.853916634,24.94180728,,65.87388241,19.76884427
Mali,1995 ,22.90012801,191.5809157,4.545971539,21.89273822,,57.34991533,14.72436141
Mali,1996 ,22.89998408,192.4910974,4.227421918,18.69621387,,55.78541431,12.62449044
Mali,1997 ,20.59998948,199.9855055,3.705777705,17.32193364,,62.87494182,12.91958534
Mali,1998 ,20.9,206.2600355,3.252538293,13.35090176,,60.032939,12.89605081
Mali,1999 ,21.2,213.98591,3.357741712,13.78252073,,64.63841149,12.14764625
Mali,2000 ,24.56493225,214.467714,3.02020594,11.88863167,,66.16509168,15.94081477
Mali,2001 ,31.0100173,233.3032479,3.352700109,13.37813338,,83.56392539,12.88853406
Mali,2002 ,18.6137584,235.6621353,4.117886015,12.71290283,,71.09834686,8.457895522
Mali,2003 ,24.23115484,245.4633672,3.525526022,12.81828551,,63.78351326,14.38099573
Mali,2004 ,20.98976963,243.1265873,3.189532191,12.06028893,,63.13898181,8.560268044
Mauritania,1980 ,21.38399141,543.8493166,0.786361825,24.73339176,12,103.4795782,5.348449816
Mauritania,1981 ,25.93309624,546.6491043,0.495501367,29.83042602,12,120.0117877,6.997400103
Mauritania,1982 ,27.72422041,518.7778954,0.308975946,25.01684818,12,124.7676049,-7.723964305
Mauritania,1983 ,39.9210393,523.1012913,0.155049612,22.77605406,12,122.0400628,-4.580755708
Mauritania,1984 ,23.15275831,492.2848156,0.131519304,23.76546026,12,118.7249567,3.414415453
Mauritania,1985 ,28.17294486,493.3351114,0.115828648,30.38083399,12,140.6969622,16.18981951
Mauritania,1986 ,29.77978778,507.7229519,0.231097717,28.71997229,12,135.4662417,9.309438597
Mauritania,1987 ,28.32063876,503.8970039,0.736431516,21.31299401,12,115.6739461,10.94325538
Mauritania,1988 ,27.99189469,499.3001375,0.971506694,19.10740524,12,113.2970719,16.35994632
Mauritania,1989 ,18.58507978,509.5373674,0.487014989,25.55603529,10,106.5728974,15.25074274
Mauritania,1990 ,19.96617544,487.3070393,1.344462179,23.16396838,10,106.3735874,7.510047118
Mauritania,1991 ,17.23653821,482.7378614,0.81315735,15.0586464,10,75.68439499,16.4658343
Mauritania,1992 ,20.67182664,478.453331,3.423536629,13.6315921,15.83333333,73.7130504,14.18155228
Mauritania,1993 ,14.32651394,492.6801393,0.181456175,26.9963878,17.58333333,79.72665281,5.458227351
Mauritania,1994 ,49.09900223,464.4188105,0.372041241,20.40681902,18.16666667,104.3418821,44.28874014
Mauritania,1995 ,20.37732956,495.871645,0.384949012,16.23899843,20.33333333,122.543888,15.76698615
Mauritania,1996 ,17.625,510.1200356,0.302592861,18.84585443,22,124.1744312,20.17672355
Mauritania,1997 ,15.1397494,475.82487,0.192117718,17.01847645,22,105.0431038,10.9567193
Mauritania,1998 ,13.73236719,483.3906596,0.160508829,12.04336436,25.5,69.85060345,20.84882305
Mauritania,1999 ,13.83978595,505.9877562,,15.82527724,28,63.85574487,
Mauritania,2000 ,16.21112707,489.511645,,17.27355931,25.58333333,75.26465297,
Mauritania,2001 ,17.70684558,485.096439,,21.83187646,22.5,76.02762269,
Mauritania,2002 ,16.45132788,474.3767771,,27.46022971,21,70.60556046,
Mauritania,2003 ,23.59808822,488.4919086,,16.67612823,21,68.2620064,
Mauritania,2004 ,44.43783536,502.1870326,,10.61007938,21,92.2583115,
Mauritius,1980 ,23.22083155,1572.824506,,2.911457301,11.75,112.119518,10.36235333
Mauritius,1981 ,21.84963075,1643.006452,,5.080250313,12.1875,99.49385431,12.3001716
Mauritius,1982 ,17.83551815,1712.993608,,4.405622345,13.375,96.71946699,14.29389383
Mauritius,1983 ,17.94545004,1702.299759,,3.666231007,15.08333333,93.25392127,15.64375102
Mauritius,1984 ,17.99542922,1767.393852,,3.197355304,13.25,100.2681738,17.05925082
Mauritius,1985 ,18.57642877,1877.717489,,2.465198499,13.83333333,108.4923364,20.69773709
Mauritius,1986 ,19.66358331,2043.189756,,3.677204711,14.33333333,113.8668066,28.24681325
Mauritius,1987 ,21.27549346,2207.444017,,3.314357477,14.125,126.542935,28.9305599
Mauritius,1988 ,28.08686302,2339.057639,,2.673688894,14.95833333,133.8483102,28.26739662
Mauritius,1989 ,25.97729943,2424.676616,,2.753865845,16.125,135.1657548,26.26460597
Mauritius,1990 ,30.5831643,2574.743485,,3.327321176,18,137.112069,25.82150101
Mauritius,1991 ,28.44974609,2660.074768,,2.356409233,17.75,128.3541281,27.57994357
Mauritius,1992 ,27.59749993,2796.282419,,1.396597007,17.125,121.8515277,29.06289566
Mauritius,1993 ,27.95680619,2903.761113,,0.799175381,16.58333333,122.5241197,27.72145089
Mauritius,1994 ,30.35800551,2981.823752,3.316336041,0.397398234,18.91666667,122.1834134,25.24933713
Mauritius,1995 ,23.48741804,3083.050001,3.267050117,0.572228778,20.8125,119.7394897,25.19328475
Mauritius,1996 ,24.83314031,3222.201384,3.618311452,0.438494119,20.8125,127.8578361,25.61738865
Mauritius,1997 ,25.78257096,3363.089471,4.012059211,0.995850411,18.91666667,127.8054323,27.12736258
Mauritius,1998 ,22.86003458,3529.939775,4.316885308,0.959307846,19.91666667,132.1991317,26.58727383
Mauritius,1999 ,27.25589031,3576.344285,4.148051513,0.965936715,21.625,131.3512577,25.15845777
Mauritius,2000 ,22.94053056,3861.038542,3.862467865,0.441019636,20.77083333,123.3300401,26.31997009
Mauritius,2001 ,22.68807884,3917.470035,4.739289796,0.463568672,21.10416667,130.9905415,28.40835747
Mauritius,2002 ,21.75516434,3966.162596,4.509887312,0.495038793,21,120.6017138,27.32517473
Mauritius,2003 ,22.71521471,4068.786714,3.832553865,-0.251879005,21,112.065528,25.29211069
Mauritius,2004 ,21.64218192,4265.679685,3.366902492,0.522887787,21,110.413593,22.59951474
Mozambique,1980 ,7.632269761,205.6482275,1.514352034,4.737596458,,38.22117729,-6.607922001
Mozambique,1981 ,9.528304258,210.7909593,1.826085665,3.970674644,,35.70395886,-4.674060431
Mozambique,1982 ,11.38419816,191.7825112,1.75653772,5.657157937,,34.52806249,-4.884525293
Mozambique,1983 ,11.59990601,158.4159095,2.322584278,6.393592704,,28.88049441,-3.295193445
Mozambique,1984 ,11.6828722,145.8038607,1.690004437,7.540384708,,22.50562032,0.973196046
Mozambique,1985 ,3.456970937,145.7631775,0.915160297,6.63244481,,14.32573603,-4.309714312
Mozambique,1986 ,7.026131851,141.8846184,0.953572404,8.010580333,,14.55106217,-1.691798629
Mozambique,1987 ,17.01416475,162.9755444,2.464033494,28.26034001,,38.02625024,-2.000608238
Mozambique,1988 ,21.42629093,176.7227754,3.420283835,43.7853654,,45.36848479,4.645195007
Mozambique,1989 ,21.00551754,187.6205331,3.081106586,34.78668726,,46.8723865,-0.62472342
Mozambique,1990 ,22.06780837,187.1330859,2.802425605,39.708062,,44.24222277,6.221442525
Mozambique,1991 ,16.17939551,191.767894,2.022586563,38.74562856,,45.05084106,4.012269517
Mozambique,1992 ,19.76984653,176.2498726,2.945805134,74.13677308,,56.99845474,5.444917169
Mozambique,1993 ,20.4332141,184.5882357,2.939362552,57.97498088,,60.18899883,2.626826286
Mozambique,1994 ,22.3436474,189.9810977,2.533785999,55.43535376,,62.07466848,5.550162155
Mozambique,1995 ,26.97539779,188.6945952,2.630417772,47.28476374,,56.64521314,8.698788396
Mozambique,1996 ,20.22333706,196.7381034,1.881717462,27.32284603,,44.23702993,7.209984699
Mozambique,1997 ,20.58600002,211.0999601,1.66928018,24.85915141,29.96666667,37.96432878,12.76790136
Mozambique,1998 ,18.33642972,228.0044171,1.070650438,24.04454266,24.3525,36.80520917,8.295001125
Mozambique,1999 ,19.99086462,240.3911744,0.837690985,18.04386381,19.63,46.88299021,-1.670837895
Mozambique,2000 ,30.95057612,236.8096398,0.85381032,21.02554317,19.03916667,53.46041531,10.3644459
Mozambique,2001 ,19.97176848,258.0293358,1.026171619,23.57566422,22.72916667,61.87014446,2.738856425
Mozambique,2002 ,29.95829531,273.3425312,1.250908067,52.82299833,26.70833333,76.18907657,19.5197598
Mozambique,2003 ,22.27637688,282.1518251,1.488970059,22.45875937,24.69,76.50516455,4.088176461
Mozambique,2004 ,18.64994527,298.9347885,1.009452536,21.81224834,22.075,72.66598639,7.990937335
Namibia,1980 ,27.17584369,2263.452207,,,,150.0296033,
Namibia,1981 ,27.45327103,2235.499498,,,,153.7383178,
Namibia,1982 ,23.03370787,2179.902487,,,,142.7477017,
Namibia,1983 ,18.33410889,2091.456923,,0.000518427,,124.8487669,
Namibia,1984 ,15.22101751,2029.309548,,,,124.6872394,
Namibia,1985 ,14.10596026,1974.130463,,0.388911167,,115.3642384,
Namibia,1986 ,13.78223496,1988.787295,,0.954606352,,129.1117479,
Namibia,1987 ,14.49606499,1972.438805,,0.854420691,,124.5747652,
Namibia,1988 ,15.31308122,1903.415249,,1.039245735,,113.8045051,
Namibia,1989 ,16.69595782,1857.595253,,2.696425901,,119.9824253,
Namibia,1990 ,21.21361618,1831.104222,0.572274297,5.089546425,,119.3224799,34.84171251
Namibia,1991 ,16.08544028,1912.66532,0.553618134,7.24032682,23.36333333,120.9677419,22.96280151
Namibia,1992 ,20.86988756,1986.052665,0.553564809,5.016133652,20.2125,119.1276412,23.63153342
Namibia,1993 ,21.14599011,1889.28788,0.510642873,5.358997834,18.02083333,108.5895506,25.9600086
Namibia,1994 ,19.52888196,1969.601928,0.458127652,4.215938785,17.05333333,99.80947432,30.49450074
Namibia,1995 ,22.17062805,1991.651126,0.445458838,5.434347328,18.50833333,105.1550449,31.50243979
Namibia,1996 ,23.54939711,1995.331606,0.387049497,5.324994984,19.16,109.1799347,29.08400506
Namibia,1997 ,19.62867888,2019.069817,0.365948302,4.543316512,20.17916667,105.0623843,24.21825563
Namibia,1998 ,22.99749854,2026.89218,0.329980308,5.320557911,20.71916667,103.9810527,28.16328703
Namibia,1999 ,23.01295687,2040.397268,0.302143844,5.273875449,18.48416667,103.0796751,23.81394201
Namibia,2000 ,16.58248848,2061.671969,0.24178962,3.897305253,15.27833333,85.42304147,25.43489094
Namibia,2001 ,20.93008024,2042.313612,0.248549213,3.161445708,14.53166667,88.84558703,25.71814302
Namibia,2002 ,19.94355066,2099.946066,0.236804896,4.237124302,13.8375,94.07846458,25.62837781
Namibia,2003 ,19.08910573,2150.893854,0.247738602,2.964130886,14.70083333,95.85567231,24.26504758
Namibia,2004 ,18.56182197,2373.487177,0.230617564,2.620111457,11.38916667,81.88804799,28.19186451
Rwanda,1980 ,12.21409359,263.6974325,0.269469396,12.28197479,13.5,40.81859446,13.26607799
Rwanda,1981 ,13.03000684,269.4882128,0.277234184,10.89503822,13.5,31.58023541,9.754561334
Rwanda,1982 ,14.34200208,266.4200982,0.510087203,10.67690412,13.5,35.7030496,13.47702262
Rwanda,1983 ,14.5855164,274.0605567,0.232085459,10.05077029,13.5,32.34075741,12.44385951
Rwanda,1984 ,15.49987051,253.9171006,0.185405153,10.25441965,13.5,32.29569298,15.21339527
Rwanda,1985 ,15.57127682,255.4341924,0.166956419,10.29536538,13.875,30.66989534,14.50916974
Rwanda,1986 ,15.73391982,257.7422032,0.206646755,10.5429564,14,32.73883472,14.13373193
Rwanda,1987 ,15.70602772,245.480292,0.207663722,11.07659134,13,26.5912812,9.147336236
Rwanda,1988 ,13.95019941,245.9279731,0.158903513,10.22378405,12,24.22284757,9.172478981
Rwanda,1989 ,13.35182985,240.1355771,0.164453118,9.381616669,12,23.42777304,7.53528612
Rwanda,1990 ,14.64998321,234.8794625,0.103063327,11.29015824,13.16666667,19.68415892,11.32505631
Rwanda,1991 ,14.02174997,236.9162772,0.185569074,18.78844718,19,25.37197378,12.1754473
Rwanda,1992 ,15.63409605,267.0978606,0.090887349,17.19691298,16.66666667,23.83144705,11.4230772
Rwanda,1993 ,16.74702087,264.643566,0.199390228,17.95107194,15,25.679007,10.20764324
Rwanda,1994 ,9.982508993,139.5009777,1.66244327,94.44209804,,71.09562823,33.6587523
Rwanda,1995 ,13.409133,191.2838223,1.63323925,53.70553536,,30.97217316,20.21855605
Rwanda,1996 ,14.37042637,206.9830518,0.953584713,33.66116322,18.54,32.23006582,14.21047375
Rwanda,1997 ,13.80977944,217.168742,0.282839882,12.40414696,16.22,33.46746052,10.54039442
Rwanda,1998 ,14.80766113,214.4013989,0.000480699,17.59726219,17.13,28.79446358,8.01025062
Rwanda,1999 ,13.14875239,211.226038,0.174754793,20.52534505,16.84,30.7474641,5.068693866
Rwanda,2000 ,13.37598057,214.2336989,0.381930425,18.52861398,16.99,31.19816888,6.129161704
Rwanda,2001 ,13.73552437,222.9332294,0.468746655,18.20521335,17.29,32.75497961,8.095484294
Rwanda,2002 ,13.48131427,246.0861869,0.429819839,21.63525878,16.37,30.7499373,7.285299442
Rwanda,2003 ,13.85390428,245.1063996,0.520891634,18.16054983,17.05,32,9.369541886
Rwanda,2004 ,15.02818302,257.7160008,0.469560216,23.45934325,16.48,35.88362069,14.80759852
Sao Tome and Principe,1980 ,,,,,,,
Sao Tome and Principe,1981 ,,,,,,,
Sao Tome and Principe,1982 ,,,,,,,
Sao Tome and Principe,1983 ,,,,,,,
Sao Tome and Principe,1984 ,,,,,,,
Sao Tome and Principe,1985 ,,,,,,,
Sao Tome and Principe,1986 ,,,,,,,
Sao Tome and Principe,1987 ,,,,,,,
Sao Tome and Principe,1988 ,,,,,,,
Sao Tome and Principe,1989 ,,,,,20,,
Sao Tome and Principe,1990 ,,,,,20,,
Sao Tome and Principe,1991 ,,,,,37,,
Sao Tome and Principe,1992 ,,,,,37,,
Sao Tome and Principe,1993 ,,,,,37,,
Sao Tome and Principe,1994 ,,,,,30,,
Sao Tome and Principe,1995 ,,,,,52,,
Sao Tome and Principe,1996 ,,,,,38,,
Sao Tome and Principe,1997 ,,,,,51.5,,
Sao Tome and Principe,1998 ,,,,,55.58333333,,
Sao Tome and Principe,1999 ,,,,,40.33333333,,
Sao Tome and Principe,2000 ,,543.9990393,0.604620265,45.48340024,39.66666667,78.56291661,
Sao Tome and Principe,2001 ,,,0.724127105,50.1697762,37,73.67971748,
Sao Tome and Principe,2002 ,,,0.878956596,28.57353787,37.41666667,66.69203115,
Sao Tome and Principe,2003 ,,,1.858746323,38.75747034,29.59,72.06215455,
Sao Tome and Principe,2004 ,,,1.030307394,31.49930695,29.77,65.81880818,
Senegal,1980 ,14.63599881,494.2061574,2.199488644,7.453294859,14.5,62.25485079,2.719650279
Senegal,1981 ,15.67236098,505.6858826,2.146592015,12.42959969,14.5,83.22394006,6.921941835
Senegal,1982 ,20.81617517,530.5448804,2.13238687,9.152716418,16,72.61339991,7.6410231
Senegal,1983 ,20.90450621,488.2285676,2.125520168,11.76663996,14.5,86.96262593,5.262690987
Senegal,1984 ,20.3012086,492.0441587,1.986970119,13.37590793,14.5,83.17123641,4.631533119
Senegal,1985 ,18.82053008,493.4874651,2.68108041,9.806224832,14.5,67.06232716,4.258786696
Senegal,1986 ,13.56223741,493.9569179,2.600323373,13.84843284,13.5,57.20987098,1.967104796
Senegal,1987 ,15.21847043,508.5687108,2.337421356,13.17731362,13.5,50.20406136,5.220129056
Senegal,1988 ,17.03017121,490.5341343,2.357863293,12.0307243,13.58333333,51.88578862,1.873437341
Senegal,1989 ,16.83334352,494.8902392,2.295017151,14.46734336,15.125,55.37071821,1.404117275
Senegal,1990 ,17.99341713,477.0034157,2.485156827,14.1994136,16,57.59614368,1.597395262
Senegal,1991 ,18.08966912,474.7715574,2.893994283,11.17133081,16,54.01028841,2.249420358
Senegal,1992 ,18.89301329,466.5830076,2.925551502,11.03068529,16.75,53.09039951,3.136777192
Senegal,1993 ,18.16447006,459.024336,2.993722074,8.683481246,,49.63685974,0.429319907
Senegal,1994 ,21.31811647,446.0914038,2.935932631,16.39044931,,70.82068956,5.238101786
Senegal,1995 ,18.92861534,457.3258796,2.993177351,13.3711332,,68.19379694,7.98436406
Senegal,1996 ,20.24738941,454.4335481,2.970474645,11.32844938,,59.74860813,7.801047588
Senegal,1997 ,19.49378659,456.8869761,3.220228754,9.05595773,,60.86698756,10.83233787
Senegal,1998 ,23.12053582,471.9133211,2.930591245,9.96055083,,61.95883844,11.24051282
Senegal,1999 ,22.37216044,489.4203221,3.61643013,10.39940339,,63.11063512,12.18497534
Senegal,2000 ,22.39465754,492.2862252,4.989423516,9.214025697,,65.14190693,13.80461859
Senegal,2001 ,22.72482226,501.4912849,6.246479314,8.858041285,,66.49058544,13.91006232
Senegal,2002 ,24.8196162,491.4620661,6.458668832,8.307301004,,67.51411071,11.76399318
Senegal,2003 ,21.16103761,510.2133638,7.450222797,6.660594602,,65.36889719,14.9707903
Senegal,2004 ,22.67548547,525.8493055,7.881657319,13.32070892,,65.81312745,14.64938971
Seychelles,1980 ,36.54315745,4329.035738,,14.59039441,,81.39409704,32.37092883
Seychelles,1981 ,33.69454099,4107.837908,,10.864873,,71.28910243,22.64548297
Seychelles,1982 ,31.25257945,3982.857873,,12.23700002,,76.49669831,10.62405352
Seychelles,1983 ,22.14724544,3923.029279,,10.44898245,,73.65585658,17.42756906
Seychelles,1984 ,21.24332928,4059.477322,,9.933036794,,74.91779796,29.51023159
Seychelles,1985 ,22.69897917,4445.603831,,13.0490213,,75.05460581,32.35164667
Seychelles,1986 ,22.34684737,4446.5605,,13.73154963,,59.63678143,31.31127194
Seychelles,1987 ,18.63317328,4630.621011,,9.68838751,,54.29989168,33.94976807
Seychelles,1988 ,23.38333799,4842.839046,,7.261473102,,67.27486911,34.18726583
Seychelles,1989 ,24.28820453,5299.825502,1.397307527,6.416630912,15.50666667,65.29200732,28.13026747
Seychelles,1990 ,22.97290428,5645.39913,2.036014997,9.64771308,15.6475,65.8473889,21.69081191
Seychelles,1991 ,21.3171052,5739.334511,1.955474625,6.07469048,15.57583333,59.025,20.23271362
Seychelles,1992 ,20.95263821,6073.591813,2.481484299,4.402064732,15.56333333,55.21916081,19.44905318
Seychelles,1993 ,26.51897703,6355.730825,0.061690315,4.129883446,15.71333333,61.6853794,19.4493991
Seychelles,1994 ,26.36821989,6201.494643,0.061465334,2.633173226,15.71666667,53.18968202,24.98981583
Seychelles,1995 ,30.32519317,6050.128238,0.099165358,2.524425223,15.76083333,56.3056359,20.61483013
Seychelles,1996 ,39.84481242,6242.095274,0.141009629,3.784403731,16.21583333,103.7548447,28.66879331
Seychelles,1997 ,28.05343511,6908.004705,0.038874753,3.028665727,14.88083333,80.58965932,20.16485269
Seychelles,1998 ,33.9955643,7342.856217,0.018742386,3.936822242,14.30255833,83.06578577,16.9482109
Seychelles,1999 ,41.48664483,7338.328875,0.030045369,2.073916915,11.1707025,92.905297,23.22192049
Seychelles,2000 ,25.17860701,7578.828946,0.51376199,3.756842997,10.737,87.0499815,18.4704876
Seychelles,2001 ,40.6595517,7400.225236,0.28957902,2.139276087,10.62534167,111.5040166,17.95654925
Seychelles,2002 ,27.61953223,7272.620991,0.283621573,8.258326232,10.58753333,92.64000711,18.6059862
Seychelles,2003 ,10.9023063,6886.584032,0.690532716,1.443614065,10.615875,97.81788016,17.77553867
Seychelles,2004 ,,6740.359825,0.811169838,1.23433265,9.99165,93.83578517,
South Africa,1980 ,25.89510629,3463.247113,0.08330516,,9.5,62.72915776,33.94346964
South Africa,1981 ,27.45478693,3561.259029,0.100032377,,14,58.71941389,27.1713303
South Africa,1982 ,27.49630209,3459.787492,0.100456091,,19.33333333,53.32395555,20.54318573
South Africa,1983 ,26.04769472,3309.967643,0.085549148,,16.66666667,45.73078935,24.2967942
South Africa,1984 ,23.97996229,3389.641627,0.07607875,,22.33333333,49.1309797,22.5384989
South Africa,1985 ,22.80521665,3262.743579,0.057716238,,21.5,53.98360374,24.67922029
South Africa,1986 ,19.64590526,3180.686464,0.044670294,,14.33333333,52.33910269,23.3360129
South Africa,1987 ,17.8462844,3167.455626,0.043485774,,12.5,50.61123266,21.80673749
South Africa,1988 ,19.41721188,3222.65484,0.043352197,,15.33333333,51.70814886,22.71672702
South Africa,1989 ,20.20693291,3226.92477,0.070888976,,19.83333333,48.08126334,22.49219648
South Africa,1990 ,19.14490583,3151.838614,0.121051344,,21,42.999354,19.11149971
South Africa,1991 ,17.15585249,3056.094145,0.107391388,,20.3125,39.22736128,18.57360401
South Africa,1992 ,15.65047971,2929.027116,0.091391068,,18.90583333,38.64544172,16.25047958
South Africa,1993 ,14.69048432,2903.199593,0.077987417,0.207390819,16.15833333,40.29399294,16.44182506
South Africa,1994 ,15.15079234,2933.724114,0.072740662,0.215852476,15.58333333,41.9623741,16.88200999
South Africa,1995 ,15.88067772,2960.422458,0.069699032,0.255550334,17.89583333,44.86571607,16.52395574
South Africa,1996 ,16.28470641,3019.966,0.070924848,0.25209419,19.52083333,47.92524681,16.13872531
South Africa,1997 ,16.511018,3029.772513,0.138356042,0.333026091,20,48.03304544,15.1453893
South Africa,1998 ,17.09441046,2974.681189,0.210722879,0.381978393,21.79166667,50.16338452,15.23501396
South Africa,1999 ,15.45491303,2972.203412,0.245769606,0.405785753,18,48.07535622,15.87025943
South Africa,2000 ,15.14366466,3019.946367,0.258663534,0.366028475,14.5,52.78632006,15.78307117
South Africa,2001 ,15.05136698,3039.70613,0.251006912,0.359008809,13.77083333,56.20588719,15.56344553
South Africa,2002 ,14.70011596,3108.043654,0.259564679,0.460158462,15.75,62.01047457,16.6969276
South Africa,2003 ,15.48080724,3159.237852,0.25821498,0.389776858,14.95833333,53.42241522,15.65781188
South Africa,2004 ,15.98136897,3264.317383,0.238637267,0.287133857,11.29166667,53.14373976,15.03884697
Swaziland,1980 ,35.01456833,779.2717245,6.514889237,8.88179602,9.5,188.6475018,
Swaziland,1981 ,27.98961869,867.5440848,6.987422639,6.160824469,11.25,181.0141745,
Swaziland,1982 ,26.1778332,852.9562534,6.921364093,4.903564662,17.375,168.0315268,
Swaziland,1983 ,33.69969116,838.0703201,9.55228656,5.830702461,16.5,162.5666636,
Swaziland,1984 ,28.58121931,861.231498,10.65113044,5.850551912,20.33333333,148.252221,
Swaziland,1985 ,24.62305394,861.8910355,13.17134009,6.639662883,20.625,149.5165189,
Swaziland,1986 ,15.94075757,928.9909936,12.24788036,7.331783146,14.2825,148.5433094,
Swaziland,1987 ,16.49709958,1019.391556,13.50374206,7.453871497,11.86833333,163.9535879,
Swaziland,1988 ,22.27801431,1040.334864,13.69732437,5.530134303,13.14833333,157.1410464,
Swaziland,1989 ,22.75960135,1128.943182,15.75117572,4.255860156,14.49666667,171.0033861,
Swaziland,1990 ,14.54887767,1320.385837,10.12110913,4.811185425,14.5,127.9017841,19.66495773
Swaziland,1991 ,14.94461194,1306.506192,9.397156951,4.577317243,16.01666667,129.8957008,19.72727287
Swaziland,1992 ,19.03850495,1317.929695,8.615905986,4.35956965,15.92083333,133.4420356,17.37104998
Swaziland,1993 ,17.40269505,1332.079519,6.096242092,3.994283145,14.34583333,133.6624388,13.98014984
Swaziland,1994 ,16.68178947,1338.083279,5.430064347,4.071037786,14.25,136.5437824,18.10071174
Swaziland,1995 ,15.41612363,1374.724895,4.8588863,3.399079333,17.05416667,133.7630742,15.50488955
Swaziland,1996 ,16.33204773,1397.036829,4.711506976,2.062091398,18.66666667,139.9872224,13.96630142
Swaziland,1997 ,16.53613798,1408.635807,4.883754497,1.647333023,19.5,137.5025622,17.23623599
Swaziland,1998 ,19.1038818,1443.426267,4.972526842,2.206849236,19.5,151.9504921,13.50973945
Swaziland,1999 ,16.67688859,1484.075342,4.523697234,1.872873974,17.41666667,146.2665447,13.01241714
Swaziland,2000 ,18.1167708,1508.220979,3.73143851,0.861271548,14,162.3414539,13.27168668
Swaziland,2001 ,22.9662724,1523.688501,3.918728371,2.160336254,13.25,183.9187025,24.32914153
Swaziland,2002 ,19.30224268,1548.738511,3.648796516,1.821567014,15.25,196.741371,22.08564052
Swaziland,2003 ,20.60291475,1581.359509,3.518046089,2.162327768,14.625,202.8498702,25.49093056
Swaziland,2004 ,15.27077844,1625.196179,3.420524609,1.028252963,11.29166667,172.3990177,17.20886144
Tanzania,1980 ,,,,,11.5,,
Tanzania,1981 ,,,,,12,,
Tanzania,1982 ,,,,,12,,
Tanzania,1983 ,,,,,13,,
Tanzania,1984 ,,,,,13,,
Tanzania,1985 ,,,,,12.29166667,,
Tanzania,1986 ,,,,,18.5,,
Tanzania,1987 ,,,,,27.5,,
Tanzania,1988 ,,283.9383185,,19.76019418,29.625,,
Tanzania,1989 ,,285.652905,,20.51709538,31,,
Tanzania,1990 ,25.75981741,296.1935288,,27.31205024,,50.0757801,10.09106961
Tanzania,1991 ,25.99972567,292.5421035,,21.64795665,,43.90121084,8.735219857
Tanzania,1992 ,26.96349602,284.5370383,,28.99283,31,51.79541536,9.611062569
Tanzania,1993 ,24.89342442,278.5389288,,22.18168381,31,65.69071871,3.581121391
Tanzania,1994 ,24.43895188,274.0290452,,21.36117584,39,64.23894901,6.211353262
Tanzania,1995 ,19.59592783,275.475509,0.01599073,16.57494504,42.83333333,65.58242013,7.404198692
Tanzania,1996 ,16.47176138,280.1408414,0.297374326,13.34950521,33.965,51.88067231,10.24507745
Tanzania,1997 ,14.7210808,282.5873112,0.020644381,12.28355178,26.27,41.90762586,9.081459103
Tanzania,1998 ,19.55246277,285.8625328,0.123062693,10.71590523,22.8925,37.41762719,12.35047203
Tanzania,1999 ,17.05097639,292.3991683,0.074243371,10.22763032,21.89416667,35.38399127,9.70597978
Tanzania,2000 ,16.35467122,299.2460777,0.078540966,10.44514368,21.5775,33.49085405,13.1864736
Tanzania,2001 ,17.00058702,309.210116,0.146895656,12.27160894,20.05726141,38.29025368,13.9474036
Tanzania,2002 ,16.76303152,322.8952038,0.111053527,11.75168424,16.39824076,37.42108651,16.66533092
Tanzania,2003 ,18.80845246,336.163751,0.076335028,14.79861728,14.51696089,41.37361319,18.24608204
Tanzania,2004 ,22.15582877,352.8997371,0.10758328,13.81909694,14.14031947,45.71708077,19.84449522
Togo,1980 ,28.23823346,352.041067,0.874219076,7.959281886,14.5,107.4135758,27.22947873
Togo,1981 ,20.61185564,329.9493808,0.817208431,6.496615983,14.5,99.19694276,19.80004702
Togo,1982 ,19.44444495,307.4939782,0.744074083,9.298339997,16,108.8148166,16.14036515
Togo,1983 ,17.88896617,280.6913417,0.793694338,14.4982703,14.5,92.22070192,22.17888627
Togo,1984 ,15.04142834,285.9872459,0.920331423,15.07486575,14.5,104.5889088,17.72625773
Togo,1985 ,16.63357537,291.7679809,2.020729832,14.54431386,14.5,105.5182457,13.2058407
Togo,1986 ,18.23081137,286.8223185,2.019325023,16.05600127,13.5,99.67338134,13.52830908
Togo,1987 ,18.57218898,279.2499462,1.604688308,9.709396308,13.5,92.11507573,12.702445
Togo,1988 ,17.80186672,288.9399264,1.540344902,14.89722503,14.5,96.25329725,12.76589661
Togo,1989 ,17.81733382,292.4124014,1.689982228,14.71599463,16,88.50974908,12.94247488
Togo,1990 ,25.26279195,284.4284097,1.650338861,15.85824276,16,78.80915022,20.95188303
Togo,1991 ,18.04291782,276.2396666,1.808106447,12.43649899,16,74.97635117,14.00437669
Togo,1992 ,15.98833079,260.0503342,0.959580689,13.13853355,17.5,63.08618162,10.20541127
Togo,1993 ,10.91705065,216.5494299,0.949953718,7.768158739,,56.47844089,2.76225942
Togo,1994 ,12.00094819,243.6614205,1.557672247,12.6854176,,64.80305119,14.2511101
Togo,1995 ,13.58832072,256.1737988,1.147226295,14.61299151,,69.84646664,16.74161751
Togo,1996 ,17.15458982,270.6453677,2.004259061,10.60426425,,77.42242722,11.89959468
Togo,1997 ,12.97278556,299.5493397,1.751873831,8.340499622,,73.78055563,5.157526865
Togo,1998 ,16.35188659,282.8515266,1.169940848,8.08582366,,72.98782249,6.994837532
Togo,1999 ,13.37077481,280.4858181,1.450535852,4.531454218,,67.88952808,5.281960527
Togo,2000 ,14.4637596,270.0008761,2.645105617,5.373767431,,81.98937533,4.968560729
Togo,2001 ,14.57878246,258.4568888,5.141563471,3.45860523,,82.28545797,4.520747439
Togo,2002 ,14.82515206,249.7475313,6.999222635,3.48222897,,85.59297634,8.272881867
Togo,2003 ,16.18626784,256.0710824,8.883788751,2.980838051,,102.4847902,4.90698839
Togo,2004 ,15.64810679,255.6614294,9.241620238,3.350413148,,96.43406867,2.222074447
Uganda,1980 ,,,,9.107270551,10.8,45.47609291,1.896176312
Uganda,1981 ,,,,10.14432065,12.5,38.13654378,9.870634861
Uganda,1982 ,9.735935706,187.8027457,,6.032146958,14.5,25.90126292,3.673938002
Uganda,1983 ,7.855973813,192.5971662,,6.102216932,16.16666667,22.30322869,5.005207558
Uganda,1984 ,8.235177466,185.9159382,,4.482461346,21.91666667,27.01757933,7.569151598
Uganda,1985 ,8.732018451,173.865795,,5.099305186,24,28.74685639,6.564406783
Uganda,1986 ,8.446924524,168.5473209,,4.882693837,33.33333333,28.04839214,6.566772475
Uganda,1987 ,9.718215885,169.0123496,,4.768306208,34.66666667,26.29039063,3.418302133
Uganda,1988 ,10.79234972,176.4210675,,6.016194684,35,25.3500383,4.665128108
Uganda,1989 ,11.13622802,180.9898275,,9.788721055,40,26.04762852,5.65201831
Uganda,1990 ,12.70408004,186.0518733,,15.40516854,38.66666667,26.60954376,5.594099553
Uganda,1991 ,15.17126512,189.7910049,,19.96791305,34.41666667,29.40220186,8.850304252
Uganda,1992 ,15.91634526,189.8414888,,25.32740829,39.11111111,33.05214405,13.75998968
Uganda,1993 ,15.2150402,199.0647897,,18.91636408,,28.23983454,10.96506034
Uganda,1994 ,14.63430653,205.1886352,,18.82428457,20.76222222,27.83935986,15.48297763
Uganda,1995 ,16.36734423,221.8284014,,14.47509086,20.1625,32.62314586,13.47151426
Uganda,1996 ,16.97280128,234.7133909,,11.14534684,20.29416667,35.38548688,19.78810469
Uganda,1997 ,16.89416181,239.4405149,,12.96868358,21.37083333,34.15856697,20.90197948
Uganda,1998 ,15.92404478,243.8486185,,9.952897929,20.86166667,30.04392193,18.5160579
Uganda,1999 ,19.26517924,255.7044438,3.877595184,10.08624856,21.54916667,36.02471016,16.70356414
Uganda,2000 ,19.23396461,255.7806112,3.844510224,13.77758792,22.9197575,32.74903334,14.35649331
Uganda,2001 ,19.04756303,260.7363255,5.968231703,14.07738171,22.655,35.32997678,15.52477301
Uganda,2002 ,19.96328385,274.6005446,7.151015966,11.74043131,19.09717823,36.27779416,16.47882197
Uganda,2003 ,20.68332567,283.0782984,4.715157088,15.74400846,18.94214089,36.58572647,17.55268558
Uganda,2004 ,19.9444298,292.6805093,3.910809595,15.31441386,20.60317574,35.46008625,21.15365995
Zimbabwe,1980 ,14.10249803,501.2555977,0.252911364,2.405197926,17.54,49.89041521,12.0144876
Zimbabwe,1981 ,17.20786624,543.0334085,0.353180725,2.180275246,20.19416667,45.33064335,13.41281028
Zimbabwe,1982 ,18.37424589,535.8794833,0.385204773,2.498682426,23,39.14528898,11.04357242
Zimbabwe,1983 ,18.04319839,523.1450476,0.251880623,2.671924396,23.08333333,35.91685451,8.580883625
Zimbabwe,1984 ,17.00645209,493.3648308,0.059921461,4.672451469,23,41.36613493,16.54056455
Zimbabwe,1985 ,14.27809846,507.833108,0.010991881,4.174014109,17.16666667,44.21367699,16.33391905
Zimbabwe,1986 ,15.06465816,499.6531516,0.012626484,3.585671906,13,45.57035276,18.29538377
Zimbabwe,1987 ,16.11463141,487.6665756,0.016955783,4.319399335,13,45.29059667,15.35612891
Zimbabwe,1988 ,15.56941397,506.9892685,0.017696541,3.457037305,13,44.1003491,19.79243601
Zimbabwe,1989 ,14.00993805,516.728512,0.008595476,3.148682588,13,45.06254214,14.89744032
Zimbabwe,1990 ,18.20973268,536.9977134,0.009661357,3.805407293,11.70833333,45.65925277,15.63046543
Zimbabwe,1991 ,20.58535621,551.9922021,0.004048404,4.497839762,15.5,51.05154879,13.46607665
Zimbabwe,1992 ,22.36275922,490.4775035,0.008705166,11.6830815,19.77083333,63.71249263,11.01240586
Zimbabwe,1993 ,23.59172221,485.1061674,0.01715175,7.557344758,36.33083333,63.16706437,20.40174713
Zimbabwe,1994 ,21.3714635,519.4969303,0.633978788,8.112122556,34.86083333,71.1195014,18.08800684
Zimbabwe,1995 ,24.5772606,510.7519156,,6.877814427,34.73166667,79.15679314,
Zimbabwe,1996 ,18.04049109,553.8762918,,4.318410725,34.23416667,72.06962099,
Zimbabwe,1997 ,18.04965087,559.537089,,3.933491819,32.54666667,82.20506404,
Zimbabwe,1998 ,20.60148282,567.4543121,,4.080151499,42.05583333,88.51404265,
Zimbabwe,1999 ,2.553699108,556.3033687,,3.565172562,55.38583333,70.92266048,
Zimbabwe,2000 ,11.79797693,534.7911515,,2.625427697,68.20833333,74.06741103,
Zimbabwe,2001 ,12.11780132,539.662758,,2.374514748,38.02083333,67.89787184,
Zimbabwe,2002 ,10.17249115,490.3868614,,3.135073356,36.47916667,66.80735205,
Zimbabwe,2003 ,13.81376191,406.8785624,,3.264373706,97.29166667,70.45198927,
Zimbabwe,2004 ,5.107807854,383.7076653,,3.221890075,278.9166667,76.03960881,
