country,year,gs,gdppc,remit,aid,depint,inflat
Benin,1980 ,4.172430636,305.3487794,5.479604593,6.278589876,6.1875,9.596
Benin,1981 ,-3.251559257,326.8632461,4.802501921,6.292210485,6.25,0.795
Benin,1982 ,13.22154629,325.1686378,2.914546338,6.286586279,7.75,4.059
Benin,1983 ,8.192516441,302.5671104,4.002874975,7.753698782,7.5,-6.067
Benin,1984 ,7.516613337,317.6625126,4.001959399,7.138005176,7.25,10.265
Benin,1985 ,2.634223483,332.3022601,3.852703064,8.980477327,7.25,1.151
Benin,1986 ,4.137374042,330.3920364,3.803760374,10.07932009,6.083333333,0.414
Benin,1987 ,4.357862691,316.7298971,3.854656047,8.55728071,5.25,-1.339
Benin,1988 ,0.770432601,318.5683874,4.389256649,9.749753539,5.25,3.445
Benin,1989 ,4.514204637,300.5838403,6.079799958,17.83072596,6.416666667,-0.202
Benin,1990 ,9.688373731,317.5490629,5.155674053,13.61656739,7,1.112
Benin,1991 ,10.75654137,320.172515,5.938797815,13.37368833,7,2.1
Benin,1992 ,9.575207105,318.3973744,8.04020574,15.86961541,7.75,5.921
Benin,1993 ,9.685313355,325.3727392,4.787478501,12.62926644,3.5,0.440599215
Benin,1994 ,14.50608795,320.8686805,5.599355427,16.01175469,3.5,38.53086617
Benin,1995 ,15.89711153,329.5526909,4.615278905,12.90820874,3.5,14.46254822
Benin,1996 ,15.24389133,333.714699,3.651161393,12.18872539,3.5,4.914239725
Benin,1997 ,16.18785117,343.0641772,3.140554452,9.727542211,3.5,3.466295907
Benin,1998 ,15.79857523,346.9979857,3.679129003,8.356099995,3.5,5.753314584
Benin,1999 ,15.98443291,355.4397045,3.079595775,8.47284509,3.5,0.326722894
Benin,2000 ,18.54626736,361.9501493,3.690554698,10.31951585,3.5,4.165404422
Benin,2001 ,17.1104138,372.9213324,3.345085667,11.11884941,3.5,3.984295477
Benin,2002 ,14.39147419,377.2487984,2.715104976,7.801521691,3.5,2.489162356
Benin,2003 ,11.01824579,379.4800151,1.556206796,8.428468925,3.5,1.487242461
Benin,2004 ,13.47055777,378.9941491,1.555551248,9.721368573,3.5,0.873890831
Botswana,1980 ,27.43314535,1153.968083,7.288824207,9.922803425,5,13.63242515
Botswana,1981 ,28.84808013,1213.88156,6.94490818,8.983878344,8.666666667,16.42802677
Botswana,1982 ,27.39581838,1314.693598,5.559542606,9.965063547,10.75,11.13720643
Botswana,1983 ,28.90694871,1437.677432,4.767274565,8.796904137,11.875,10.47714382
Botswana,1984 ,25.35303063,1509.20752,4.028428664,8.214716727,10,8.577469039
Botswana,1985 ,32.42886442,1564.307997,2.805346661,8.577449947,9,8.094575803
Botswana,1986 ,36.24708625,1638.161391,2.674920708,7.228195644,8.666666667,10.00171556
Botswana,1987 ,38.70283376,1775.485706,2.76405516,7.878987684,7.5,9.801933877
Botswana,1988 ,49.81905786,2055.763766,2.06791017,5.664469323,5,8.351679567
Botswana,1989 ,47.47929927,2254.251209,1.601339009,5.12156607,5.583333333,11.57501475
Botswana,1990 ,41.64781952,2335.83437,2.257403561,3.831018715,6.114583333,11.39634612
Botswana,1991 ,44.99639306,2437.414831,2.117742998,3.324222091,11.4,11.76501609
Botswana,1992 ,41.39850707,2437.701909,2.266829753,2.683249734,12.5,16.1676124
Botswana,1993 ,43.84101821,2416.589463,1.785643427,3.122469768,13.49083333,14.33080334
Botswana,1994 ,33.23394395,2438.874824,1.610079228,1.962632541,10.585,10.54292099
Botswana,1995 ,36.02861918,2483.293334,1.239346464,1.875821795,9.785,10.51254608
Botswana,1996 ,39.80866367,2559.717672,1.044146241,1.551092664,9.675833333,10.08285807
Botswana,1997 ,44.15713553,2757.478268,0.929675176,2.345552449,9.514375,8.719931271
Botswana,1998 ,45.48079177,2986.009108,0.836284556,2.046933655,8.432083333,6.661398656
Botswana,1999 ,34.49710507,3078.101681,0.576508157,1.037933737,9.098958333,7.749296193
Botswana,2000 ,41.42557941,3204.115483,0.465958562,0.543621574,9.416458333,8.601485148
Botswana,2001 ,35.68184248,3268.358809,0.429573882,0.483448671,10.08583333,6.559037671
Botswana,2002 ,30.18711263,3516.207918,0.4457187,0.610523138,10.45375,8.032796626
Botswana,2003 ,35.71210036,3691.882799,0.480691249,0.344387379,9.945104167,9.189902656
Botswana,2004 ,36.17374716,3865.861638,0.910780372,0.499368662,9.851041667,6.945703637
BurkinaFaso,1980 ,9.299029583,152.6109611,7.799526818,10.88597684,6.1875,12.20263649
BurkinaFaso,1981 ,8.370865622,155.3067067,8.635956582,12.09735772,6.25,7.555705605
BurkinaFaso,1982 ,9.72110308,166.024858,6.286996857,11.98039205,7.75,12.05976521
BurkinaFaso,1983 ,10.75533728,162.4898993,7.074641432,11.31927899,7.5,8.153762775
BurkinaFaso,1984 ,11.80984673,155.6087869,6.181177424,12.53390576,7.25,4.846957681
BurkinaFaso,1985 ,18.61610271,164.588529,8.110940398,12.141116,7.25,6.906057822
BurkinaFaso,1986 ,19.39933776,173.1345234,9.410453405,13.20579268,6.083333333,-2.611742924
BurkinaFaso,1987 ,17.26262401,168.2585864,7.311905062,11.31639992,5.25,-2.681784236
BurkinaFaso,1988 ,16.9816467,173.3632998,7.149283312,10.96236859,5.25,4.255616018
BurkinaFaso,1989 ,24.05958276,172.4287089,5.935923377,10.14227116,6.416666667,-0.481798716
BurkinaFaso,1990 ,15.90064016,166.8421459,4.503686164,10.52880785,7,-0.504303388
BurkinaFaso,1991 ,18.11134787,177.11119,3.603386557,13.38577027,7,2.162600527
BurkinaFaso,1992 ,23.41080995,172.7467542,5.749943965,19.34503563,7.75,-1.991135807
BurkinaFaso,1993 ,21.02001191,173.8917479,5.026651144,20.08946749,3.5,0.553455723
BurkinaFaso,1994 ,29.04359359,171.3951387,4.239294033,22.82499535,3.5,25.17787623
BurkinaFaso,1995 ,,176.2594225,3.285468037,20.59030463,3.5,7.458844978
BurkinaFaso,1996 ,,190.3330133,2.938649726,16.18912852,3.5,6.097804392
BurkinaFaso,1997 ,,196.8155274,3.016789203,15.05350539,3.5,2.318690622
BurkinaFaso,1998 ,,205.3908634,2.555253898,14.25931984,3.5,5.084333441
BurkinaFaso,1999 ,,214.4973957,2.321625788,13.22203045,3.5,-1.072613627
BurkinaFaso,2000 ,5.120492184,212.3764919,2.578941506,6.885592244,3.5,-0.304212168
BurkinaFaso,2001 ,3.442704633,220.0186815,1.774556143,14.43164944,3.5,5.007432908
BurkinaFaso,2002 ,8.460787912,224.8136155,1.832239757,13.71852571,3.5,2.175694806
BurkinaFaso,2003 ,12.3949976,235.4767143,1.277968081,12.86233307,3.5,2.034565741
BurkinaFaso,2004 ,10.51013386,238.9906353,0.917988227,13.28000879,3.5,-0.400228702
Cameroon,1980 ,5.226645126,641.4318341,0.436039088,3.92774848,7.5,9.551754279
Cameroon,1981 ,10.53886884,729.4355953,0.3758972,2.596398834,7.5,10.7275
Cameroon,1982 ,22.89431918,762.1234023,0.259728905,2.894749434,7.5,13.25701986
Cameroon,1983 ,21.27203153,791.6323343,0.379313879,1.729375877,7.5,16.63122641
Cameroon,1984 ,24.61828738,826.8077331,0.190080941,2.345466818,7.5,11.37332209
Cameroon,1985 ,23.40908971,867.9212259,0.14997152,1.871328137,7.5,8.508374345
Cameroon,1986 ,23.8331972,899.8275579,0.223480717,2.038290002,7.354166667,7.770024986
Cameroon,1987 ,18.67010304,854.8123204,0.103858364,1.651050115,7.145833333,13.14049984
Cameroon,1988 ,19.73516924,764.9579675,0.098626665,2.20622486,7.208333333,1.682332607
Cameroon,1989 ,17.75546677,729.3669958,0.292365519,4.063264651,7.5,-1.665525895
Cameroon,1990 ,16.16496459,665.4106421,0.206179984,3.984906638,7.5,1.099381284
Cameroon,1991 ,15.43740568,622.2354314,0.059010989,4.151879555,7.5,0.060051331
Cameroon,1992 ,11.07766266,586.4431124,0.219458896,6.272029343,7.5,-0.016055046
Cameroon,1993 ,8.80240885,552.4920757,0.150321032,4.017986137,7.75,-3.206554569
Cameroon,1994 ,11.07988606,524.6822672,0.123651004,7.918036877,8.08,35.09446185
Cameroon,1995 ,13.82842484,528.3640454,0.128694031,5.070290694,5.5,9.069690719
Cameroon,1996 ,14.13017798,541.3029119,0.137787698,4.214711776,5.38,3.924063727
Cameroon,1997 ,12.31185918,555.517306,0.270160261,5.068517326,5.0425,4.786238819
Cameroon,1998 ,15.60616712,570.0967274,0.38955472,5.164366121,5,3.170751854
Cameroon,1999 ,15.97255506,581.6360839,0.250048711,4.141437212,5,1.871745006
Cameroon,2000 ,16.14440186,592.3720003,0.324723966,4.056370088,5,1.22719013
Cameroon,2001 ,12.54969612,605.161077,0.210838015,4.751944443,5,4.419772459
Cameroon,2002 ,13.30329753,615.2922429,0.325346815,5.568587721,5,2.834422601
Cameroon,2003 ,14.85900397,625.7819278,0.554351396,6.504128509,5,0.623163558
Cameroon,2004 ,17.16992759,634.5093706,0.655384903,5.011994424,5,0.23364738
CapeVerde,1980 ,38.19473143,559.9206642,28.16568014,43.47371411,,15.071
CapeVerde,1981 ,37.54329266,601.8469925,22.65527827,34.91120543,,20.68
CapeVerde,1982 ,41.46163905,607.8207683,18.38290077,36.54250358,,21.127
CapeVerde,1983 ,43.81331156,650.5360837,14.83864169,40.57735844,,20.155
CapeVerde,1984 ,31.41229222,660.1820209,15.61732631,45.90246112,,11.25
CapeVerde,1985 ,28.85300149,704.3070693,15.07100439,46.69343019,4,5.393258427
CapeVerde,1986 ,23.75671078,715.1818663,14.45575738,54.59183873,4,10.87420043
CapeVerde,1987 ,22.76065771,738.9140155,15.48374186,35.90174759,4,3.846153847
CapeVerde,1988 ,23.81816242,776.543433,16.17128121,31.17194944,4,4.074074074
CapeVerde,1989 ,23.40589415,811.7141341,17.83537836,31.02653251,4,4.555160141
CapeVerde,1990 ,20.88693467,804.3764952,19.27080433,34.3053277,4,10.65350579
CapeVerde,1991 ,16.46925734,798.493307,19.50007943,31.89223587,4,9.550907414
CapeVerde,1992 ,25.48153513,802.3364283,21.28255737,32.61274456,4,3.116664326
CapeVerde,1993 ,17.04906172,837.8068344,15.59719619,23.44125688,4,5.788395905
CapeVerde,1994 ,33.39398563,871.9461404,21.01763624,29.43327463,4,3.45205833
CapeVerde,1995 ,28.43450516,913.9044579,21.73069468,23.75659222,5,8.35152498
CapeVerde,1996 ,29.25082041,952.8352477,19.99081597,23.2001702,5,5.963619617
CapeVerde,1997 ,34.68817057,1003.94853,15.57586787,22.59030658,5.041666667,8.556062582
CapeVerde,1998 ,20.34649204,1066.937087,14.12915597,24.82992488,5.270833333,4.394235099
CapeVerde,1999 ,23.91403285,1171.027518,13.35253812,22.89266987,4.762166667,4.356433746
CapeVerde,2000 ,19.56060821,1233.257523,16.11676873,17.37857912,4.339166667,-2.477456685
CapeVerde,2001 ,21.69421371,1285.841106,14.37719956,13.71166501,4.67,3.349964723
CapeVerde,2002 ,24.15452807,1330.908785,13.70098798,14.73811803,4.855833333,1.884534101
CapeVerde,2003 ,19.87988698,1371.15693,13.33448643,18.08679646,3.932361111,1.188170385
CapeVerde,2004 ,25.28723829,1409.156806,12.26382074,15.47085762,3.458333333,-1.890821723
CentralAfricanRepublic,1980 ,1.605727227,323.3966171,0.004750594,13.81597755,5.5,13.3
CentralAfricanRepublic,1981 ,8.137827027,309.4026908,0.001588983,14.56526658,7.5,-0.033333334
CentralAfricanRepublic,1982 ,0.970862078,323.4040156,0.00488003,11.95490026,7.5,13.2960987
CentralAfricanRepublic,1983 ,7.382907564,288.2819587,0.003187247,14.02199757,7.5,14.61261129
CentralAfricanRepublic,1984 ,7.063254379,306.6463819,,20.64686927,7.5,2.542209669
CentralAfricanRepublic,1985 ,9.13778159,310.338116,,12.0078649,7.5,10.42384023
CentralAfricanRepublic,1986 ,5.078182105,313.8412927,,12.0643175,7.354166667,2.245152512
CentralAfricanRepublic,1987 ,6.024758727,291.8900705,,14.85524717,7.1875,-6.986802707
CentralAfricanRepublic,1988 ,7.245311766,290.7425203,,15.95539875,7.4375,-3.96446882
CentralAfricanRepublic,1989 ,8.494086256,290.2125685,0.001729616,14.87865668,7.5,0.689055806
CentralAfricanRepublic,1990 ,6.207545717,277.5680849,0.005432156,16.73202532,7.5,-0.012330455
CentralAfricanRepublic,1991 ,7.904268916,269.3737568,0.010096727,12.3504731,7.5,-2.762362807
CentralAfricanRepublic,1992 ,6.38026613,245.7274127,,12.38715261,7.5,-1.033608118
CentralAfricanRepublic,1993 ,9.168289752,240.249786,0.012235476,13.22256369,7.75,-2.915358493
CentralAfricanRepublic,1994 ,10.98054453,245.6903838,,19.64380181,8.083333333,24.57101373
CentralAfricanRepublic,1995 ,,257.0281895,,14.95484337,5.5,19.18940397
CentralAfricanRepublic,1996 ,,241.0434361,,15.75869315,5.458333333,3.724941103
CentralAfricanRepublic,1997 ,,248.1671687,,9.090178484,5,1.611313477
CentralAfricanRepublic,1998 ,,254.3143158,,11.45430809,5,-1.885200961
CentralAfricanRepublic,1999 ,,258.1975432,,11.23249042,5,-1.414202201
CentralAfricanRepublic,2000 ,,247.0281844,,8.232709596,5,3.203400916
CentralAfricanRepublic,2001 ,,244.1919456,,8.19783851,5,3.834860603
CentralAfricanRepublic,2002 ,,238.7862042,,6.076107238,5,2.331817034
CentralAfricanRepublic,2003 ,,218.3631403,,4.498175917,5,4.134709052
CentralAfricanRepublic,2004 ,,217.0755276,,8.650606452,5,-2.066406012
Chad,1980 ,,145.9982252,,3.387213808,5.5,8.635
Chad,1981 ,,144.2883206,,6.791817654,5.5,8.128
Chad,1982 ,4.728776138,148.5244809,,7.688436873,5.5,6.429
Chad,1983 ,10.16503977,167.6679331,,10.50316433,5.5,7.875
Chad,1984 ,8.362198476,166.7216287,,12.12159147,5.5,20.25089606
Chad,1985 ,1.745738898,197.532568,0.003231923,17.33184104,5.5,5.153999008
Chad,1986 ,3.212934634,183.9995775,0.115198891,15.01271393,5.5,-13.05657258
Chad,1987 ,7.487802872,174.1630398,0.116401349,17.344451,5.333333333,-5.974842767
Chad,1988 ,9.233548324,194.8755301,0.023324858,17.58333164,4.3125,15.47751765
Chad,1989 ,4.446432189,198.0363564,0.055317736,17.47732389,4.25,-3.689134603
Chad,1990 ,2.322177467,183.9450842,,17.86374135,4.25,-0.738282266
Chad,1991 ,3.028088407,193.63608,,13.97393278,7.5,3.19387473
Chad,1992 ,2.917921484,202.9064718,0.010840987,12.57806376,7.5,-3.113030671
Chad,1993 ,2.953919039,165.9582487,0.021962747,15.272156,7.75,-8.427933488
Chad,1994 ,11.68259151,177.3196912,0.061369213,17.99314876,8.083333333,41.72489724
Chad,1995 ,,174.0673841,,16.25401247,5.5,9.230325997
Chad,1996 ,,172.4759408,,18.40177029,5.458333333,11.33087891
Chad,1997 ,,176.611958,,14.7511839,5,5.57225711
Chad,1998 ,,182.9633107,,9.993726869,5,4.258851103
Chad,1999 ,,175.8341013,,12.24038856,5,-8.025059627
Chad,2000 ,,168.4508791,,9.47902398,5,3.82260088
Chad,2001 ,,181.5614382,,11.03110804,5,12.43128653
Chad,2002 ,,189.9911081,,11.54847194,5,5.191818952
Chad,2003 ,,210.2773835,,9.26492156,5,-1.752569412
Chad,2004 ,,271.4754978,,7.648140867,5,-5.355400289
"Congo,Rep.",1980 ,26.12098435,970.9736321,0.18618202,5.343543695,6.5,7.296
"Congo,Rep.",1981 ,25.04728798,1108.999004,,4.035089172,6.5,0.782
"Congo,Rep.",1982 ,39.25060045,1330.854746,,4.25521956,6.5,3.454
"Congo,Rep.",1983 ,36.13413773,1367.905967,,5.118548419,7.5,3.471
"Congo,Rep.",1984 ,40.48752461,1421.332509,,4.400110316,7.5,3.488
"Congo,Rep.",1985 ,24.87331121,1364.792651,,3.194080108,8.25,3.505
"Congo,Rep.",1986 ,18.34994921,1235.794962,0.00234224,5.798509873,8.104166667,4.158110882
"Congo,Rep.",1987 ,24.995918,1204.154144,0.000434431,5.985411014,7.791666667,0.443568261
"Congo,Rep.",1988 ,5.351777056,1192.17118,0.20030349,3.914060053,7.8125,1.030421982
"Congo,Rep.",1989 ,14.59950074,1190.261643,,3.788092749,8,-1.796988829
"Congo,Rep.",1990 ,31.77735958,1170.024588,,7.759189154,7.75,2.889053742
"Congo,Rep.",1991 ,17.57838975,1166.299382,,4.89090513,7.5,-1.678349689
"Congo,Rep.",1992 ,32.33210208,1165.298657,,3.848667876,7.5,-3.935468102
"Congo,Rep.",1993 ,21.08028559,1123.5342,,6.376336715,7.75,4.923664123
"Congo,Rep.",1994 ,28.80795333,1033.593241,,20.45083464,8.083333333,42.43967503
"Congo,Rep.",1995 ,-2.301749771,1045.775938,0.200340845,5.900745357,5.5,9.418007435
"Congo,Rep.",1996 ,-0.20924836,1060.600119,0.30776333,16.89654095,5.458333333,10.03112033
"Congo,Rep.",1997 ,9.274813016,1024.542516,0.196946227,11.56360232,5,12.7
"Congo,Rep.",1998 ,6.024347441,1033.349474,0.099382662,3.329603486,5,2.2
"Congo,Rep.",1999 ,17.68209575,979.6144362,0.495618574,5.962421388,5,4.142671372
"Congo,Rep.",2000 ,36.17262976,1026.831555,0.321526718,0.995058662,5,-0.881991516
"Congo,Rep.",2001 ,22.02523533,1040.151821,0.433725528,2.640413077,5,0.055989922
"Congo,Rep.",2002 ,23.54827371,1062.807865,0.03895672,1.909275491,5,4.378759718
"Congo,Rep.",2003 ,30.74157346,1047.17437,0.354365587,1.978049104,5,-0.631844988
"Congo,Rep.",2004 ,17.04504336,1058.23658,0.321687434,2.484173376,5,2.42976608
Coted'Ivoire,1980 ,8.558322443,909.0070675,0.316293787,2.061791318,6.1875,14.7009813
Coted'Ivoire,1981 ,6.955372664,900.0737956,0.366588125,1.459219536,6.25,8.799210834
Coted'Ivoire,1982 ,8.364286815,863.4311611,0.382047785,1.802933809,7.75,7.583125896
Coted'Ivoire,1983 ,5.303550199,795.2365324,0.395272091,2.271363018,7.5,5.640428434
Coted'Ivoire,1984 ,14.13614568,742.6592873,0.364609482,1.797668592,7.25,4.284761105
Coted'Ivoire,1985 ,13.93071406,746.1494783,0.344519586,1.681941472,7.25,1.863803272
Coted'Ivoire,1986 ,9.951365075,742.0833526,0.390973052,1.904501488,6.083333333,9.682954731
Coted'Ivoire,1987 ,3.744519039,713.4016106,0.425502581,2.38390402,5.25,6.943306265
Coted'Ivoire,1988 ,1.538602086,696.8595185,0.415782166,4.141618401,5.25,6.930686172
Coted'Ivoire,1989 ,-4.377139257,693.3078299,0.363029468,4.043695761,6.416666667,1.049518237
Coted'Ivoire,1990 ,-5.106804618,662.8675347,0.411658443,6.357998331,7,-0.805879697
Coted'Ivoire,1991 ,-3.697247547,641.2072899,0.395264526,6.003262145,7,1.683348497
Coted'Ivoire,1992 ,-2.232309597,618.8025745,,6.775772848,7.75,4.23138383
Coted'Ivoire,1993 ,-0.802121443,598.018497,0.521142067,6.907899334,3.5,2.164714539
Coted'Ivoire,1994 ,14.22915815,584.5253864,1.328068385,19.16267491,3.5,26.08157199
Coted'Ivoire,1995 ,11.78680097,608.1200345,1.373229675,11.01658078,3.5,14.29506909
Coted'Ivoire,1996 ,10.42808331,637.2058658,1.210978401,7.942593268,3.5,2.480806692
Coted'Ivoire,1997 ,13.37056083,656.158427,1.163420028,3.807472025,3.5,4.020833334
Coted'Ivoire,1998 ,10.66556603,670.6147102,1.115328003,7.565614594,3.5,4.690566793
Coted'Ivoire,1999 ,11.72883198,665.9728897,1.095537447,3.562788303,3.5,0.788184879
Coted'Ivoire,2000 ,7.9836585,628.2281148,1.145401594,3.365344729,3.5,2.459949891
Coted'Ivoire,2001 ,10.59092379,616.5235814,1.100063388,1.762967993,3.5,4.283067802
Coted'Ivoire,2002 ,16.75300222,597.5229751,1.045494297,9.29530084,3.5,3.105236979
Coted'Ivoire,2003 ,12.25793992,578.9671333,1.030782051,1.846553784,3.5,3.349414197
Coted'Ivoire,2004 ,12.35805024,580.1682888,1.028339677,1.03687772,3.5,1.440384103
EquatorialGuinea,1980 ,,,,,,
EquatorialGuinea,1981 ,,,,,,16.7
EquatorialGuinea,1982 ,,,,,,38.256
EquatorialGuinea,1983 ,,,,,,60.058
EquatorialGuinea,1984 ,,,,,,59.518
EquatorialGuinea,1985 ,,621.4767347,,21.49745754,7.5,83.999
EquatorialGuinea,1986 ,,578.3469067,,20.63759377,8.25,-17.64042409
EquatorialGuinea,1987 ,,581.489195,,44.46407249,7.875,-13.17447275
EquatorialGuinea,1988 ,,578.4813335,,37.66423954,6.333333333,2.523659306
EquatorialGuinea,1989 ,,554.6061434,,50.19315868,6.5,6.166153846
EquatorialGuinea,1990 ,2.079366968,554.9828593,,45.58244862,6.5,0.857871551
EquatorialGuinea,1991 ,40.35719147,530.7192011,,47.61217649,7.5,-3.425287355
EquatorialGuinea,1992 ,3.333103074,567.9302882,0.855161571,40.09518659,7.5,-4.278743156
EquatorialGuinea,1993 ,5.676756466,583.4253709,0.670646128,34.61536298,7.75,5.452284736
EquatorialGuinea,1994 ,20.1719183,592.8171351,0.502232227,23.64325568,8.083333333,31.84101684
EquatorialGuinea,1995 ,22.8069758,655.139626,0.061086873,20.36826631,5.5,19.87243495
EquatorialGuinea,1996 ,8.383915321,818.6899996,0.06338195,11.89622299,5.458333333,4.540727717
EquatorialGuinea,1997 ,,1356.516143,,4.779579637,5,3.016505406
EquatorialGuinea,1998 ,,1601.039009,,4.839842375,5,7.935710698
EquatorialGuinea,1999 ,,2192.891309,,2.309588474,5,0.37226617
EquatorialGuinea,2000 ,,2388.348625,,1.711390719,5,4.80228887
EquatorialGuinea,2001 ,,3779.940087,,0.762621787,5,8.825389258
EquatorialGuinea,2002 ,,4375.25886,,0.938623649,5,7.592478498
EquatorialGuinea,2003 ,,4832.688038,,0.708924537,5,7.323543993
EquatorialGuinea,2004 ,,6467.832441,,0.556208307,5,4.219687871
Ethiopia,1980 ,,,,,,4.482537804
Ethiopia,1981 ,11.0570831,140.6684857,0.144213626,3.368348487,,6.135967187
Ethiopia,1982 ,10.84064458,138.0133541,0.133262127,2.605957323,,5.890061079
Ethiopia,1983 ,10.99320695,144.7947735,0.129540434,3.976950972,,-0.675378064
Ethiopia,1984 ,15.38047314,136.1884244,0.14309815,4.473192257,,8.417273783
Ethiopia,1985 ,11.90977081,117.1536725,0.150954066,7.635547797,4,19.06468514
Ethiopia,1986 ,13.19571313,124.4127561,0.138891214,6.457194395,0,-9.80876507
Ethiopia,1987 ,13.89862106,137.1780919,0.081847136,5.966007012,0,-2.428672485
Ethiopia,1988 ,21.18627767,133.4868899,0.104419346,8.917861953,0,7.08071532
Ethiopia,1989 ,11.8269109,128.716647,0.056837966,6.390136837,0,7.817301185
Ethiopia,1990 ,12.81134878,127.8881274,0.043181114,8.352936674,0,5.152481242
Ethiopia,1991 ,9.18408303,114.8041785,0.073034412,8.171794726,0,35.72259823
Ethiopia,1992 ,14.1975054,101.3381627,0.144232184,11.16385247,2.875,10.52744401
Ethiopia,1993 ,13.90777082,110.8595871,0.245492221,14.43475561,11.5,3.543065961
Ethiopia,1994 ,18.2319841,110.7151708,0.338467166,14.61162522,11.5,7.593876003
Ethiopia,1995 ,20.66119575,113.8715341,0.354270169,11.34934255,11.45833333,10.02217335
Ethiopia,1996 ,17.03419881,124.2481159,0.189756634,9.670327022,9.416666667,-5.069363131
Ethiopia,1997 ,17.01141459,124.5247598,0.107213603,6.716193148,7,2.39520958
Ethiopia,1998 ,20.04787064,116.9460052,0.349981069,8.459158722,6,2.582846004
Ethiopia,1999 ,15.43349452,119.7201104,0.455687021,8.688406473,6,7.941448642
Ethiopia,2000 ,15.96642395,123.6809168,0.65541392,8.472968839,6,0.662458109
Ethiopia,2001 ,19.42277525,130.5134412,0.22768624,13.71472031,6,-8.237844534
Ethiopia,2002 ,20.43200422,129.157133,0.424636271,17.04858233,3.793800401,1.653729328
Ethiopia,2003 ,21.41873278,123.2536677,0.544214707,19.04720163,3.3500056,17.7622842
Ethiopia,2004 ,22.14600522,136.6187298,1.332719211,18.21932628,3.380779873,3.256272907
Gabon,1980 ,47.83123203,5265.343122,0.00110595,1.298707995,7.5,12.34035926
Gabon,1981 ,48.84230586,5373.963444,0.004764173,1.117736713,7.5,8.706502149
Gabon,1982 ,46.65152662,5054.612033,0.001682227,1.709504309,7.5,16.68579688
Gabon,1983 ,41.63120019,5179.043572,0.008511955,1.8712722,7.5,10.67193676
Gabon,1984 ,43.68140342,5400.012659,0.002570364,2.113744879,7.5,5.857142857
Gabon,1985 ,37.12695768,5113.415634,0.003998667,1.818908696,7.666666667,7.354925776
Gabon,1986 ,15.29227115,4917.137281,0.006787138,2.310762646,8,6.285355122
Gabon,1987 ,12.67565654,3949.078687,0.009125013,2.506553545,7.9375,-0.946185689
Gabon,1988 ,21.41055959,4318.828219,0.00350232,2.757593085,8.166666667,-8.776119404
Gabon,1989 ,22.29277424,4541.664387,0.003743916,3.154491653,8.75,6.740837696
Gabon,1990 ,24.25212884,4626.781529,0.01471504,2.204696293,8.75,7.725321889
Gabon,1991 ,27.99446428,4753.106746,0.029521613,2.641349596,7.5,-11.68611269
Gabon,1992 ,19.14930046,4459.123397,0.041380796,1.221481153,7.5,-9.542913304
Gabon,1993 ,17.83978601,4489.095839,0.06927537,2.298884658,7.75,0.533746557
Gabon,1994 ,29.44613667,4513.865843,0.089540225,4.314908018,8.083333333,36.1162457
Gabon,1995 ,32.67077137,4600.584294,0.090174531,2.894625285,5.5,9.64653104
Gabon,1996 ,40.4553634,4635.670938,0.100590497,2.218284382,5.458333333,0.689693378
Gabon,1997 ,40.73646904,4772.778502,0.115371008,0.728953129,5,3.973450075
Gabon,1998 ,25.71443416,4814.998402,0.124083176,0.993884729,5,1.448738543
Gabon,1999 ,34.54066498,4279.795895,0.091083246,1.02101831,5,-1.936603976
Gabon,2000 ,41.65401031,4102.624602,0.119394712,0.23007714,5,0.504920026
Gabon,2001 ,36.6877095,4097.561424,0.113815961,0.180994543,5,2.137620527
Gabon,2002 ,31.36632872,3999.953933,0.057721401,1.453106443,5,0.036682889
Gabon,2003 ,33.43835765,4015.10733,0.098917337,-0.174569842,5,2.235353136
Gabon,2004 ,35.41816186,3988.362889,0.095461618,0.555436706,5,0.408205307
"Gambia,The",1980 ,16.35490638,630.4766662,0.162153949,21.83479168,5,6.824615653
"Gambia,The",1981 ,24.28971736,628.4387031,0.132273549,30.79979352,8.5,5.944227006
"Gambia,The",1982 ,19.86792246,600.7492097,0.086930173,21.34222957,8.5,10.85584546
"Gambia,The",1983 ,10.04140797,640.4174054,0.328480077,18.91790323,8.5,10.63630367
"Gambia,The",1984 ,12.13709,635.8501573,,29.18108355,9,22.09845942
"Gambia,The",1985 ,8.216957509,603.2702571,,21.28240603,9.75,18.31988488
"Gambia,The",1986 ,-1.411247044,599.0815788,,54.61979374,16.125,56.56017201
"Gambia,The",1987 ,31.46464172,584.642583,,46.81668291,15.75,23.52916696
"Gambia,The",1988 ,30.114741,582.1885759,,31.20685189,15,11.69058689
"Gambia,The",1989 ,17.45710517,589.4634565,,34.72472346,12.91666667,8.275016086
"Gambia,The",1990 ,21.85366261,586.2970526,,30.6732902,11.33333333,12.16778411
"Gambia,The",1991 ,19.37339829,583.3210365,,14.41958567,12.70833333,8.64234326
"Gambia,The",1992 ,24.05360556,584.0733272,,15.23827098,13.83333333,9.486542508
"Gambia,The",1993 ,0.48916693,584.2727859,,11.2444234,13,6.463804226
"Gambia,The",1994 ,0.36395969,568.9004705,,9.228473875,12.58333333,1.710206323
"Gambia,The",1995 ,-0.190473322,558.0128043,,5.779899086,12.5,6.980974419
"Gambia,The",1996 ,0.984660988,554.6001903,,4.251158336,12.5,1.099488708
"Gambia,The",1997 ,4.229527036,565.7326917,,4.82433926,12.5,2.7812279
"Gambia,The",1998 ,,569.3354283,,4.679363242,12.5,1.114188412
"Gambia,The",1999 ,,588.8347706,,4.200195096,12.5,3.812372054
"Gambia,The",2000 ,,603.5953462,,6.340416507,12.5,0.844969567
"Gambia,The",2001 ,,620.1534733,,7.689726896,12.5,4.492596093
"Gambia,The",2002 ,,582.399702,,11.33621536,12.70833333,8.609124744
"Gambia,The",2003 ,7.789571448,604.0681646,11.10175468,12.9250515,16.41666667,17.03286654
"Gambia,The",2004 ,17.5212678,627.7599801,10.4958985,10.51339217,22,14.20674328
Ghana,1980 ,6.324050658,241.9462395,0.02024643,4.292468208,11.5,50.07013934
Ghana,1981 ,5.70335256,226.7589089,0.03315617,3.413190833,11.5,116.503604
Ghana,1982 ,5.554913884,204.1828801,0.037165561,3.437318821,11.5,22.29556641
Ghana,1983 ,4.256861618,188.1486653,0.012323542,2.671497465,11.5,122.8745146
Ghana,1984 ,6.745977887,197.4867748,0.106520894,4.830155959,15,39.6653138
Ghana,1985 ,8.034269069,200.9364455,0.093243362,4.314281553,15.75,10.30544067
Ghana,1986 ,6.933397915,205.1677706,0.010475587,6.265797719,17,24.56541607
Ghana,1987 ,7.570878123,209.0656817,0.013793565,8.059777225,17.58333333,39.81506788
Ghana,1988 ,9.964027614,214.965181,0.115432543,11.07363623,16.5,31.35926762
Ghana,1989 ,11.40523431,219.9076008,0.114247319,13.62456398,0,25.22369203
Ghana,1990 ,10.53332155,221.0716696,0.101881827,9.504216034,0,37.25906649
Ghana,1991 ,11.86265693,226.2823318,0.093894847,13.30626275,21.32333333,18.03143901
Ghana,1992 ,6.932562705,228.4587968,0.113776644,9.550692009,16.32333333,10.05611675
Ghana,1993 ,12.83639754,232.8512761,0.169210246,10.48466894,23.62916667,24.95984247
Ghana,1994 ,19.07728773,234.0064503,0.288265389,10.03016667,23.14666667,24.87025544
Ghana,1995 ,17.62559991,237.2935875,0.266221576,10.03080004,28.73416667,59.46155369
Ghana,1996 ,18.09531767,242.0582959,0.396654564,9.373019474,34.4975,46.56101968
Ghana,1997 ,10.41087369,246.197848,0.377279977,7.162805468,35.75916667,27.88520864
Ghana,1998 ,18.03163084,251.7652913,0.39427579,9.376412902,32.04916667,14.62416667
Ghana,1999 ,9.363190706,256.7399526,0.397765734,7.874725011,23.5625,12.40866891
Ghana,2000 ,15.26586712,259.9906944,0.650166193,12.00457797,28.60416667,25.19321937
Ghana,2001 ,21.09272612,263.9615458,0.863786047,12.05334838,30.85416667,32.9054089
Ghana,2002 ,18.75432519,269.2285553,0.705783462,11.12841479,16.20833333,14.81624006
Ghana,2003 ,21.15629517,276.4051992,0.85290814,12.88465858,14.32333333,26.67494972
Ghana,2004 ,22.87168797,284.8491549,0.927455362,15.97368556,13.625,12.62457406
Guinea-Bissau,1980 ,,151.8975193,,52.50609005,,64.762
Guinea-Bissau,1981 ,,174.9792805,,41.43941345,,41.94
Guinea-Bissau,1982 ,-15.09364863,178.5481775,,38.19998183,,16.542
Guinea-Bissau,1983 ,-10.50017987,169.4032163,,38.53218967,,23.309
Guinea-Bissau,1984 ,-3.754015731,181.6855819,,39.27674334,,64.855
Guinea-Bissau,1985 ,-4.318548757,185.9074081,,39.25446344,,112.71
Guinea-Bissau,1986 ,13.83014218,180.9992547,,53.17718379,,26.548
Guinea-Bissau,1987 ,12.86012798,182.685999,,63.89342092,,86.771
Guinea-Bissau,1988 ,14.60840108,187.3503266,0.912086321,61.30436194,23,60.28178264
Guinea-Bissau,1989 ,6.937839313,194.8454906,0.563002257,53.90746615,28,80.78814064
Guinea-Bissau,1990 ,14.47664321,202.6287543,0.409899911,51.79085373,32.66666667,33.00197783
Guinea-Bissau,1991 ,3.91571085,208.706155,0.453690426,43.87312807,36,57.59528475
Guinea-Bissau,1992 ,7.756228863,206.7358075,0.589153411,47.41210904,39.33333333,69.5836364
Guinea-Bissau,1993 ,7.406867424,206.7946508,0.63322982,39.90614452,3.5,48.10816606
Guinea-Bissau,1994 ,7.451113588,209.1097967,0.707353501,74.00051092,3.5,15.17634743
Guinea-Bissau,1995 ,9.672650672,213.9674685,0.721878801,46.30524325,3.5,45.36530836
Guinea-Bissau,1996 ,6.570223509,234.103919,0.73959087,66.84792081,3.5,50.73405496
Guinea-Bissau,1997 ,14.44203096,244.4836415,0.744737468,46.30405209,3.5,49.10092358
Guinea-Bissau,1998 ,,172.4014979,1.940849629,46.41632065,3.5,8.013755189
Guinea-Bissau,1999 ,,170.8322857,2.679505834,23.35521582,3.5,-2.086305132
Guinea-Bissau,2000 ,,173.6636033,2.166844499,37.62706426,3.5,8.636320949
Guinea-Bissau,2001 ,-14.56946334,182.6478909,5.038382665,30.49721675,3.5,3.348122655
Guinea-Bissau,2002 ,-0.044400401,182.7354144,8.659304199,29.48713402,3.5,3.300121753
Guinea-Bissau,2003 ,6.469404703,170.3727619,4.866418778,31.65680369,3.5,-3.502585511
Guinea-Bissau,2004 ,7.894610383,165.8176513,5.29971859,14.61584975,3.5,0.883302697
Kenya,1980 ,17.22400574,435.5557894,0.178074562,5.433900416,5.753333333,13.85818146
Kenya,1981 ,19.55689903,435.0780555,0.108036636,6.538048855,8.846666667,11.60305343
Kenya,1982 ,15.05951647,425.0937584,0.109611974,7.534696737,12.1975,20.66671467
Kenya,1983 ,18.49699566,414.5926945,0.095486744,6.62463376,13.27,11.39778274
Kenya,1984 ,14.05808385,406.2731223,0.094125451,6.596691452,11.77083333,10.28409821
Kenya,1985 ,20.15463498,408.2825798,0.103162731,6.954484302,11.25,13.00656642
Kenya,1986 ,17.18047385,421.8652297,0.138770409,6.11897011,11.25,2.534275989
Kenya,1987 ,18.27712198,431.1219088,0.131904193,6.990748291,10.3125,8.637673192
Kenya,1988 ,20.34681972,441.979377,0.144317875,9.958014028,10.33333333,12.26496305
Kenya,1989 ,19.31076529,446.9613736,0.135560119,12.79349671,12,13.78931727
Kenya,1990 ,18.5522253,450.1718213,0.091634013,13.78022056,13.66666667,17.78181443
Kenya,1991 ,19.11398844,441.7092364,0.047094487,11.24285408,0,20.08449558
Kenya,1992 ,14.62182405,424.1409301,1.017121395,10.75803408,0,27.33236444
Kenya,1993 ,37.32162044,412.3969705,2.053969306,15.8974952,0,45.97888131
Kenya,1994 ,33.47749773,410.6019064,0.998358107,9.465807739,0,28.81438943
Kenya,1995 ,23.17995654,416.4573819,0.967220385,8.090029803,13.5975,1.554328161
Kenya,1996 ,15.8237859,421.9441966,0.726746299,4.939620168,17.59083333,8.864087414
Kenya,1997 ,15.44307755,412.9163069,3.862642848,3.420311506,16.72166667,11.36184505
Kenya,1998 ,18.33655024,415.7071678,3.774037439,2.946005634,18.40083333,6.722436507
Kenya,1999 ,21.8144033,414.6000627,4.535156791,2.407488731,9.550833333,5.742001095
Kenya,2000 ,13.50578044,406.5230596,4.233647429,4.035465326,8.100833333,9.980025154
Kenya,2001 ,14.02653169,411.0713321,0.392071914,3.628756356,6.639166667,5.738598143
Kenya,2002 ,13.98705631,402.6288259,0.434625975,2.98766245,5.486666667,1.961308217
Kenya,2003 ,15.24876016,403.6788859,0.441781191,3.5090064,4.133333333,9.815690631
Kenya,2004 ,16.05211266,413.3182833,2.334910372,4.10206155,2.433333333,11.62403554
Lesotho,1980 ,49.5598493,278.7208091,60.99375187,21.58766765,7.5,16.27484162
Lesotho,1981 ,38.03218032,273.2687433,66.92913385,23.78078751,9.625,12.41326137
Lesotho,1982 ,49.52409728,272.9246023,106.4788732,28.24650484,11.75,12.1399177
Lesotho,1983 ,44.43777266,272.0972376,106.3131313,29.87250959,9.375,17.49235474
Lesotho,1984 ,39.17680339,278.6101667,106.4563758,32.49570976,9.9,10.98386257
Lesotho,1985 ,36.90897614,279.2078884,90.40579712,37.21725751,10.41666667,13.32082551
Lesotho,1986 ,42.0341596,288.3147613,87.90813162,29.38192826,10.04166667,18.00496689
Lesotho,1987 ,41.59217066,282.5949052,95.59802759,28.38804455,7,11.75026307
Lesotho,1988 ,36.22972005,300.9977916,86.43806513,25.34090182,9.583333333,11.45637163
Lesotho,1989 ,52.34585739,311.6656676,80.84195885,29.79529988,12.81666667,14.72824557
Lesotho,1990 ,70.01390322,323.2726251,78.57042178,25.54818648,13,11.63475699
Lesotho,1991 ,72.65512949,329.8558646,71.79726101,20.25566643,13,17.67810026
Lesotho,1992 ,71.04093827,347.5227657,63.20672237,19.86833811,10.625,17.20852018
Lesotho,1993 ,59.48918391,352.742811,55.5370869,19.82540759,8.0625,13.13566077
Lesotho,1994 ,73.65900302,364.9199375,42.33561767,15.31306614,8.425,8.214738622
Lesotho,1995 ,37.30196567,365.3704299,47.78653867,13.11268053,13.34166667,9.270833334
Lesotho,1996 ,38.03455674,377.1291829,47.51016792,12.64925392,12.73333333,9.330314585
Lesotho,1997 ,25.8751835,384.9613597,44.04970947,10.62320087,11.8125,8.376
Lesotho,1998 ,-19.14064066,384.3103387,35.95632454,7.465014183,10.73333333,8.237
Lesotho,1999 ,-0.466893267,379.1978513,34.42589134,3.870046944,7.454166667,7.774
Lesotho,2000 ,3.705190214,392.6927398,61.92866684,4.754923486,4.916666667,6.131975388
Lesotho,2001 ,44.21092459,404.1343157,56.80088528,7.802602834,4.833333333,-9.616153538
Lesotho,2002 ,42.59281512,401.9854159,59.17798945,11.69300973,5.1875,33.81257834
Lesotho,2003 ,36.30333705,416.9613742,57.45771063,8.137794196,5.161666667,6.629163571
Lesotho,2004 ,34.42451159,422.7604411,50.81489214,7.94362197,4.241666667,5.023420687
Madagascar,1980 ,-0.734648075,359.9436907,0.009367481,5.678922689,,18.2178659
Madagascar,1981 ,0.4566729,316.7581406,0.006142286,6.480905181,,30.53817743
Madagascar,1982 ,-0.867567652,303.2762338,0.003243494,6.809600461,,31.78970465
Madagascar,1983 ,0.769131122,298.4251841,0.003307854,5.159509678,,19.32833859
Madagascar,1984 ,2.145794746,295.8589576,0.191736765,5.110077986,,9.856620954
Madagascar,1985 ,-0.197017437,291.4985944,0.160039074,6.460711174,,10.55648396
Madagascar,1986 ,6.010375007,289.2287118,0.180150433,9.508671896,,14.4973321
Madagascar,1987 ,4.320483827,284.5644347,0.181174577,12.8853122,,14.99313513
Madagascar,1988 ,7.707435403,285.9508944,0.164975752,12.11787433,,26.85379714
Madagascar,1989 ,10.319143,289.0868754,0.389965601,13.89999187,17.75,9.012995949
Madagascar,1990 ,9.132909861,289.4941085,0.255419921,12.88212241,20.5,11.78448383
Madagascar,1991 ,-1.858985089,263.2905835,0.494920328,17.15362416,20.5,8.592647599
Madagascar,1992 ,4.419518725,258.5376868,0.503060642,11.95420288,20.5,14.51237861
Madagascar,1993 ,3.738877041,256.0721212,0.401794506,10.71601628,19.5,10.0083612
Madagascar,1994 ,1.655974812,248.1562506,0.428074683,9.678738425,19.5,38.9417909
Madagascar,1995 ,2.430959046,244.6940024,0.436902683,9.475296527,18.5,49.08021006
Madagascar,1996 ,7.429099664,242.2391988,0.283454681,8.878284756,19,19.75635454
Madagascar,1997 ,7.358188842,243.3822039,0.343634712,23.4927364,14.38,4.486382618
Madagascar,1998 ,7.40261047,245.0811228,0.30658018,12.85204513,8,6.208016085
Madagascar,1999 ,8.910394316,248.5521079,0.312628029,9.632778154,15.33,9.929533994
Madagascar,2000 ,8.813312687,252.3825167,0.290640049,8.257528358,15,11.8596845
Madagascar,2001 ,16.83242127,259.4294043,0.240006966,8.174055644,12,6.937759336
Madagascar,2002 ,9.942703388,219.7202784,0.666861441,8.504397044,12,15.93201925
Madagascar,2003 ,13.00529207,234.008294,0.296519146,9.980397939,11.5,-1.224981592
Madagascar,2004 ,14.14921575,238.996113,0.263676149,28.93604439,15.19,13.81133098
Malawi,1980 ,7.845839005,160.2232084,,11.40699059,7.916666667,19.19
Malawi,1981 ,9.897420033,147.7407881,,11.03994857,9.75,11.81469755
Malawi,1982 ,13.27894355,147.7910253,,10.18817092,9.75,9.821162444
Malawi,1983 ,12.59581384,149.332191,,9.441435164,9.916666667,13.50251052
Malawi,1984 ,13.25387825,152.2302026,,15.00960941,11.75,20.02630321
Malawi,1985 ,11.41528675,152.5990162,,9.940336998,12.5,10.51897599
Malawi,1986 ,8.823868254,144.4648578,,16.4310753,12.75,14.04686796
Malawi,1987 ,13.8281513,138.3718826,,23.31558393,14.25,25.15509543
Malawi,1988 ,17.77468749,134.6783539,,27.2188941,13.5,33.91216494
Malawi,1989 ,16.6356803,129.9353945,,26.2419546,12.75,12.44636205
Malawi,1990 ,16.36528233,132.5055352,,26.60379653,12.10416667,11.82353804
Malawi,1991 ,17.35836939,141.0247834,,24.94036811,12.5,12.61531538
Malawi,1992 ,5.0510176,129.360236,,32.06616185,16.5,23.75135302
Malawi,1993 ,4.595877776,141.3153563,,23.97028411,21.75,22.77271023
Malawi,1994 ,5.463030512,126.188337,0.064892926,39.78162448,25,34.64963615
Malawi,1995 ,7.504921426,145.6410746,0.037456116,31.06649391,37.27083333,83.32577475
Malawi,1996 ,6.604077874,153.3909449,0.028379794,21.5489511,26.33333333,37.60204503
Malawi,1997 ,1.252518056,155.3738924,0.027971378,12.91434987,10.20833333,9.137352432
Malawi,1998 ,12.80562353,156.9657643,0.042664974,24.82141394,19.0625,29.74865128
Malawi,1999 ,4.32072792,157.1518033,0.042056168,25.14865479,33.20833333,44.80416429
Malawi,2000 ,9.517846575,155.2715445,0.042838171,25.58694531,33.25,29.58148846
Malawi,2001 ,10.13274519,143.700152,0.043512093,23.85257829,34.95833333,22.7
Malawi,2002 ,7.182888557,142.3914479,0.031656408,14.188272,28.08333333,14.74463461
Malawi,2003 ,6.992942711,146.3657361,0.573778506,21.36921104,25.125,9.576797869
Malawi,2004 ,6.167886571,149.4329748,0.69790969,19.26040078,13.72916667,11.42980608
Mali,1980 ,8.377548296,211.9896756,3.323376442,14.90596542,6.1875,20.25
Mali,1981 ,6.402133679,198.5509915,3.190661216,15.26527842,6.25,12.717
Mali,1982 ,7.419668349,185.3915294,2.968923695,15.733262,7.75,3.852
Mali,1983 ,4.019671031,190.2545565,2.817906447,16.86960784,7.5,10.5
Mali,1984 ,3.120643665,194.6761347,2.478185029,24.36967606,7.25,10.714
Mali,1985 ,-1.011115775,169.4842923,5.100052365,28.82350014,7.25,9.078
Mali,1986 ,5.588162947,180.8609463,4.07766493,22.56352363,6.083333333,-1.387
Mali,1987 ,10.17372561,177.3180559,4.565030173,18.64569226,5.25,-14.936
Mali,1988 ,10.7317044,177.3665666,3.759391888,22.35246465,5.25,8.948
Mali,1989 ,15.86919271,195.0958221,3.782982198,22.27230868,6.416666667,-0.076692998
Mali,1990 ,15.04262844,187.959171,4.41595863,19.79082451,7,0.606339704
Mali,1991 ,17.08251535,186.9339328,3.839063763,18.56003492,7,1.800427219
Mali,1992 ,14.72846656,197.7167478,4.085795066,15.06319667,7.75,-6.242505995
Mali,1993 ,15.12356743,188.5674516,4.690755534,13.796287,3.5,-0.263767883
Mali,1994 ,19.76884427,185.2899002,5.853916634,24.94180728,3.5,23.17679115
Mali,1995 ,14.72436141,191.5809157,4.545971539,21.89273822,3.5,13.44176968
Mali,1996 ,12.62449044,192.4910974,4.227421918,18.69621387,3.5,6.805459967
Mali,1997 ,12.91958534,199.9855055,3.705777705,17.32193364,3.5,-0.362999795
Mali,1998 ,12.89605081,206.2600355,3.252538293,13.35090176,3.5,4.03658946
Mali,1999 ,12.14764625,213.98591,3.357741712,13.78252073,3.5,-1.201903686
Mali,2000 ,15.94081477,214.467714,3.02020594,11.88863167,3.5,-0.67766166
Mali,2001 ,12.88853406,233.3032479,3.352700109,13.37813338,3.5,5.18701192
Mali,2002 ,8.457895522,235.6621353,4.117886015,12.71290283,3.5,5.032822758
Mali,2003 ,14.38099573,245.4633672,3.525526022,12.81828551,3.5,-1.346726191
Mali,2004 ,8.560268044,243.1265873,3.189532191,12.06028893,3.5,-3.099781281
Mauritania,1980 ,5.348449816,543.8493166,0.786361825,24.73339176,5.5,
Mauritania,1981 ,6.997400103,546.6491043,0.495501367,29.83042602,5.5,
Mauritania,1982 ,-7.723964305,518.7778954,0.308975946,25.01684818,5.5,
Mauritania,1983 ,-4.580755708,523.1012913,0.155049612,22.77605406,5.5,
Mauritania,1984 ,3.414415453,492.2848156,0.131519304,23.76546026,5.5,
Mauritania,1985 ,16.18981951,493.3351114,0.115828648,30.38083399,7.166666667,
Mauritania,1986 ,9.309438597,507.7229519,0.231097717,28.71997229,6.583333333,7.433333334
Mauritania,1987 ,10.94325538,503.8970039,0.736431516,21.31299401,6,8.152342536
Mauritania,1988 ,16.35994632,499.3001375,0.971506694,19.10740524,6,1.319658612
Mauritania,1989 ,15.25074274,509.5373674,0.487014989,25.55603529,5,12.9326821
Mauritania,1990 ,7.510047118,487.3070393,1.344462179,23.16396838,5,6.600225649
Mauritania,1991 ,16.4658343,482.7378614,0.81315735,15.0586464,5,5.628666667
Mauritania,1992 ,14.18155228,478.453331,3.423536629,13.6315921,7.516666667,10.14181756
Mauritania,1993 ,5.458227351,492.6801393,0.181456175,26.9963878,8.625,9.370344161
Mauritania,1994 ,44.28874014,464.4188105,0.372041241,20.40681902,9,4.128258613
Mauritania,1995 ,15.76698615,495.871645,0.384949012,16.23899843,9,6.543790685
Mauritania,1996 ,20.17672355,510.1200356,0.302592861,18.84585443,9,4.68130624
Mauritania,1997 ,10.9567193,475.82487,0.192117718,17.01847645,9,4.625346953
Mauritania,1998 ,20.84882305,483.3906596,0.160508829,12.04336436,9,8.031666654
Mauritania,1999 ,,505.9877562,,15.82527724,9,4.074176136
Mauritania,2000 ,,489.511645,,17.27355931,9.416666667,3.254067458
Mauritania,2001 ,,485.096439,,21.83187646,8,4.714896347
Mauritania,2002 ,,474.3767771,,27.46022971,8,3.895705258
Mauritania,2003 ,,488.4919086,,16.67612823,8,5.151901508
Mauritania,2004 ,,502.1870326,,10.61007938,8,10.36762335
Mauritius,1980 ,10.36235333,1572.824506,,2.911457301,9.25,41.99951438
Mauritius,1981 ,12.3001716,1643.006452,,5.080250313,9.25,14.46159108
Mauritius,1982 ,14.29389383,1712.993608,,4.405622345,11.14583333,11.41569313
Mauritius,1983 ,15.64375102,1702.299759,,3.666231007,12.0625,5.58949802
Mauritius,1984 ,17.05925082,1767.393852,,3.197355304,10.29166667,7.38916256
Mauritius,1985 ,20.69773709,1877.717489,,2.465198499,9.458333333,6.698703946
Mauritius,1986 ,28.24681325,2043.189756,,3.677204711,9.5,1.632653064
Mauritius,1987 ,28.9305599,2207.444017,,3.314357477,9.375,0.518741631
Mauritius,1988 ,28.26739662,2339.057639,,2.673688894,10,9.159314134
Mauritius,1989 ,26.26460597,2424.676616,,2.753865845,11.0625,12.67004209
Mauritius,1990 ,25.82150101,2574.743485,,3.327321176,12.5625,13.48808879
Mauritius,1991 ,27.57994357,2660.074768,,2.356409233,12.3125,7.001013775
Mauritius,1992 ,29.06289566,2796.282419,,1.396597007,10.065,4.643519299
Mauritius,1993 ,27.72145089,2903.761113,,0.799175381,8.395833333,10.51783845
Mauritius,1994 ,25.24933713,2981.823752,3.316336041,0.397398234,11.0425,7.323471544
Mauritius,1995 ,25.19328475,3083.050001,3.267050117,0.572228778,12.22916667,6.029331886
Mauritius,1996 ,25.61738865,3222.201384,3.618311452,0.438494119,10.77083333,6.550973361
Mauritius,1997 ,27.12736258,3363.089471,4.012059211,0.995850411,9.083333333,6.83334335
Mauritius,1998 ,26.58727383,3529.939775,4.316885308,0.959307846,9.281666667,6.810793238
Mauritius,1999 ,25.15845777,3576.344285,4.148051513,0.965936715,10.91666667,6.909146248
Mauritius,2000 ,26.31997009,3861.038542,3.862467865,0.441019636,9.614166667,4.199288257
Mauritius,2001 ,28.40835747,3917.470035,4.739289796,0.463568672,9.781666667,5.389344262
Mauritius,2002 ,27.32517473,3966.162596,4.509887312,0.495038793,9.875,6.460504781
Mauritius,2003 ,25.29211069,4068.786714,3.832553865,-0.251879005,9.525,3.924265718
Mauritius,2004 ,22.59951474,4265.679685,3.366902492,0.522887787,8.145833333,4.7103706
Mozambique,1980 ,-6.607922001,205.6482275,1.514352034,4.737596458,,2
Mozambique,1981 ,-4.674060431,210.7909593,1.826085665,3.970674644,,4.2
Mozambique,1982 ,-4.884525293,191.7825112,1.75653772,5.657157937,,17.695
Mozambique,1983 ,-3.295193445,158.4159095,2.322584278,6.393592704,,28.198
Mozambique,1984 ,0.973196046,145.8038607,1.690004437,7.540384708,,30.044
Mozambique,1985 ,-4.309714312,145.7631775,0.915160297,6.63244481,,30.785
Mozambique,1986 ,-1.691798629,141.8846184,0.953572404,8.010580333,,40.491
Mozambique,1987 ,-2.000608238,162.9755444,2.464033494,28.26034001,,164.115
Mozambique,1988 ,4.645195007,176.7227754,3.420283835,43.7853654,,50.1369863
Mozambique,1989 ,-0.62472342,187.6205331,3.081106586,34.78668726,,40.1459854
Mozambique,1990 ,6.221442525,187.1330859,2.802425605,39.708062,,47.00520833
Mozambique,1991 ,4.012269517,191.767894,2.022586563,38.74562856,,32.93323331
Mozambique,1992 ,5.444917169,176.2498726,2.945805134,74.13677308,,45.48532732
Mozambique,1993 ,2.626826286,184.5882357,2.939362552,57.97498088,,42.20002586
Mozambique,1994 ,5.550162155,189.9810977,2.533785999,55.43535376,33.38166667,63.18337842
Mozambique,1995 ,8.698788396,188.6945952,2.630417772,47.28476374,38.83833333,54.4340122
Mozambique,1996 ,7.209984699,196.7381034,1.881717462,27.32284603,18.14166667,48.49135041
Mozambique,1997 ,12.76790136,211.0999601,1.66928018,24.85915141,25.4325,7.369276618
Mozambique,1998 ,8.295001125,228.0044171,1.070650438,24.04454266,8.223333333,1.480359997
Mozambique,1999 ,-1.670837895,240.3911744,0.837690985,18.04386381,7.86,2.859510981
Mozambique,2000 ,10.3644459,236.8096398,0.85381032,21.02554317,9.695,12.72360999
Mozambique,2001 ,2.738856425,258.0293358,1.026171619,23.57566422,15.01127778,9.049967832
Mozambique,2002 ,19.5197598,273.3425312,1.250908067,52.82299833,17.988125,16.78138315
Mozambique,2003 ,4.088176461,282.1518251,1.488970059,22.45875937,12.14916667,13.42632613
Mozambique,2004 ,7.990937335,298.9347885,1.009452536,21.81224834,9.904953426,12.66349613
Namibia,1980 ,,2263.452207,,,,
Namibia,1981 ,,2235.499498,,,,
Namibia,1982 ,,2179.902487,,,,
Namibia,1983 ,,2091.456923,,0.000518427,,
Namibia,1984 ,,2029.309548,,,,
Namibia,1985 ,,1974.130463,,0.388911167,,
Namibia,1986 ,,1988.787295,,0.954606352,,
Namibia,1987 ,,1972.438805,,0.854420691,,
Namibia,1988 ,,1903.415249,,1.039245735,,
Namibia,1989 ,,1857.595253,,2.696425901,,
Namibia,1990 ,34.84171251,1831.104222,0.572274297,5.089546425,,
Namibia,1991 ,22.96280151,1912.66532,0.553618134,7.24032682,12.77416667,13.512
Namibia,1992 ,23.63153342,1986.052665,0.553564809,5.016133652,11.36166667,21.551
Namibia,1993 ,25.9600086,1889.28788,0.510642873,5.358997834,9.611666667,9.329
Namibia,1994 ,30.49450074,1969.601928,0.458127652,4.215938785,9.180833333,12.056
Namibia,1995 ,31.50243979,1991.651126,0.445458838,5.434347328,10.84333333,11.123
Namibia,1996 ,29.08400506,1995.331606,0.387049497,5.324994984,12.56,8.704
Namibia,1997 ,24.21825563,2019.069817,0.365948302,4.543316512,12.70083333,9.679
Namibia,1998 ,28.16328703,2026.89218,0.329980308,5.320557911,12.94,6.617
Namibia,1999 ,23.81394201,2040.397268,0.302143844,5.273875449,10.81583333,9.382
Namibia,2000 ,25.43489094,2061.671969,0.24178962,3.897305253,7.39,10.215
Namibia,2001 ,25.71814302,2042.313612,0.248549213,3.161445708,6.794166667,10.212
Namibia,2002 ,25.62837781,2099.946066,0.236804896,4.237124302,7.809166667,12.716
Namibia,2003 ,24.26504758,2150.893854,0.247738602,2.964130886,8.755,7.152256367
Namibia,2004 ,28.19186451,2373.487177,0.230617564,2.620111457,6.351666667,4.146500036
Niger,1980 ,17.11753276,259.4851454,0.44981015,6.594695443,6.1875,10.30527571
Niger,1981 ,10.04793399,253.8362759,0.422950766,8.814756888,6.25,22.91340756
Niger,1982 ,6.707060321,250.8967598,0.353543152,12.74571087,7.75,11.64183574
Niger,1983 ,9.004781811,232.4824033,0.379274182,9.626175495,7.5,-2.489605686
Niger,1984 ,2.378672745,188.1170719,0.51041308,10.7955599,7.25,8.364424118
Niger,1985 ,8.31392167,197.1190192,0.623606688,20.66100863,7.25,-0.923399124
Niger,1986 ,9.907344228,203.9097807,0.838487307,15.95030124,6.083333333,-3.207571342
Niger,1987 ,4.359258856,198.4229121,0.722392335,15.88209526,5.25,-6.71210893
Niger,1988 ,13.31624509,206.1466034,0.68845416,16.28730113,5.25,-1.393963039
Niger,1989 ,6.814900598,202.054721,0.607073611,13.67467808,6.416666667,-2.84352518
Niger,1990 ,-0.597271928,193.4979576,0.559962852,15.62434189,7,-0.775653011
Niger,1991 ,3.543293214,192.2191654,0.559275013,15.8746138,7,-7.79664179
Niger,1992 ,7.432382618,173.9879134,0.774930442,15.21154823,7.75,-4.475617903
Niger,1993 ,7.092720259,170.7758392,0.98785768,21.07082328,3.5,-1.215034966
Niger,1994 ,2.338826716,171.746869,0.441637008,23.85779933,3.5,36.04105831
Niger,1995 ,-0.859870861,170.3290646,0.409673218,14.48268749,3.5,10.56328867
Niger,1996 ,4.929474976,170.1947187,0.226286216,12.68047629,3.5,5.288857512
Niger,1997 ,3.714284303,168.9068441,0.289077747,18.0510627,3.5,2.933452534
Niger,1998 ,4.364753718,180.1044006,0.904439545,14.06721499,3.5,4.548015778
Niger,1999 ,4.527442445,172.9273576,1.319412724,9.269193198,3.5,-2.302125039
Niger,2000 ,5.253372083,164.6489476,0.802097293,11.62667121,3.5,2.900149736
Niger,2001 ,7.355477371,170.331118,1.129525442,13.31655063,3.5,4.005514284
Niger,2002 ,6.590494435,169.4740445,0.873810149,13.84255055,3.5,2.62886598
Niger,2003 ,7.213100913,172.3869354,0.932912882,17.56670135,3.5,-1.614407692
Niger,2004 ,6.85859369,166.6644296,1.955915144,17.93672332,3.5,0.262543758
Nigeria,1980 ,,416.340061,0.034183836,0.053581062,5.266666666,9.972261991
Nigeria,1981 ,87.09597645,352.0789347,0.027018141,0.065505606,5.715833333,20.81282291
Nigeria,1982 ,84.49042564,342.3438615,0.035806222,0.070232325,7.599999999,7.697747247
Nigeria,1983 ,75.67182706,316.228174,0.039496878,0.133760762,7.411666666,23.21233156
Nigeria,1984 ,60.75026426,293.5968613,0.041661473,0.114929301,8.254166666,17.82053328
Nigeria,1985 ,48.45303185,314.0696989,0.035446646,0.111623758,9.116666666,7.435344825
Nigeria,1986 ,53.46390891,313.8150144,0.01974039,0.287569188,9.235,5.71715146
Nigeria,1987 ,51.59596612,303.6635208,0.011684567,0.288464802,13.0875,11.29032258
Nigeria,1988 ,47.98987529,325.2048244,0.010611679,0.5168129,12.95,54.51122478
Nigeria,1989 ,64.35458845,339.8176736,0.042710433,1.442740682,14.675,50.46668812
Nigeria,1990 ,59.02455444,358.5537404,0.035151638,0.895882902,19.78333333,7.364400305
Nigeria,1991 ,56.39235852,366.4613075,0.23997316,0.945764541,14.91666667,13.0069731
Nigeria,1992 ,48.90530388,368.1038996,0.172570369,0.791247569,18.04166667,44.58884272
Nigeria,1993 ,45.37456206,367.2846662,3.714527061,1.350738773,23.24166667,57.16525284
Nigeria,1994 ,40.63911446,359.0260513,2.323727569,0.801491268,13.09166667,57.0317089
Nigeria,1995 ,41.54742221,359.4315487,2.858692974,0.7505116,13.53083333,72.8355023
Nigeria,1996 ,38.62911373,366.2201056,2.681562458,0.534715425,13.05916667,29.26829268
Nigeria,1997 ,41.283176,367.4600805,5.300300329,0.551348272,7.169166667,8.529874215
Nigeria,1998 ,33.26725038,365.7525573,4.897273327,0.632003326,10.10833333,9.996378124
Nigeria,1999 ,46.24266642,361.20193,3.741245347,0.436507432,12.81083333,6.618373394
Nigeria,2000 ,50.6504509,371.7680804,3.026718503,0.377744605,11.69083333,6.933292156
Nigeria,2001 ,34.06146741,374.1686638,2.430491235,0.367023377,15.25583333,18.87364621
Nigeria,2002 ,29.11599259,370.8107292,2.045000283,0.503967833,16.67,12.8765792
Nigeria,2003 ,27.25554816,399.0619903,1.570951032,0.455570428,14.2175,14.03178361
Nigeria,2004 ,30.15286635,430.5797415,2.587159518,0.656767428,13.69833961,14.99803382
Rwanda,1980 ,13.26607799,263.6974325,0.269469396,12.28197479,6.25,7.249392988
Rwanda,1981 ,9.754561334,269.4882128,0.277234184,10.89503822,6.25,6.450664476
Rwanda,1982 ,13.47702262,266.4200982,0.510087203,10.67690412,6.25,12.56513653
Rwanda,1983 ,12.44385951,274.0605567,0.232085459,10.05077029,6.25,6.593002146
Rwanda,1984 ,15.21339527,253.9171006,0.185405153,10.25441965,6.25,5.369570387
Rwanda,1985 ,14.50916974,255.4341924,0.166956419,10.29536538,6.25,1.759330058
Rwanda,1986 ,14.13373193,257.7422032,0.206646755,10.5429564,6.25,-1.117066575
Rwanda,1987 ,9.147336236,245.480292,0.207663722,11.07659134,6.25,4.133014908
Rwanda,1988 ,9.172478981,245.9279731,0.158903513,10.22378405,6.25,2.978643555
Rwanda,1989 ,7.53528612,240.1355771,0.164453118,9.381616669,6.3125,1.010278252
Rwanda,1990 ,11.32505631,234.8794625,0.103063327,11.29015824,6.875,4.185763724
Rwanda,1991 ,12.1754473,236.9162772,0.185569074,18.78844718,8.75,19.63716581
Rwanda,1992 ,11.4230772,267.0978606,0.090887349,17.19691298,7.729166667,9.560411876
Rwanda,1993 ,10.20764324,264.643566,0.199390228,17.95107194,5,12.35438876
Rwanda,1994 ,33.6587523,139.5009777,1.66244327,94.44209804,0,20.996
Rwanda,1995 ,20.21855605,191.2838223,1.63323925,53.70553536,0,55.967
Rwanda,1996 ,14.21047375,206.9830518,0.953584713,33.66116322,11.13,7.411371736
Rwanda,1997 ,10.54039442,217.168742,0.282839882,12.40414696,8.244,12.01542252
Rwanda,1998 ,8.01025062,214.4013989,0.000480699,17.59726219,7.759,6.210067095
Rwanda,1999 ,5.068693866,211.226038,0.174754793,20.52534505,8.748,-2.405932097
Rwanda,2000 ,6.129161704,214.2336989,0.381930425,18.52861398,10.11,3.899529803
Rwanda,2001 ,8.095484294,222.9332294,0.468746655,18.20521335,10.18,3.342855068
Rwanda,2002 ,7.285299442,246.0861869,0.429819839,21.63525878,9.02,1.992585424
Rwanda,2003 ,9.369541886,245.1063996,0.520891634,18.16054983,9.43,7.44970014
Rwanda,2004 ,14.80759852,257.7160008,0.469560216,23.45934325,9.388,12.25071029
Senegal,1980 ,2.719650279,494.2061574,2.199488644,7.453294859,6.1875,8.729027662
Senegal,1981 ,6.921941835,505.6858826,2.146592015,12.42959969,6.25,5.913193719
Senegal,1982 ,7.6410231,530.5448804,2.13238687,9.152716418,7.75,17.37638522
Senegal,1983 ,5.262690987,488.2285676,2.125520168,11.76663996,7.5,11.61698457
Senegal,1984 ,4.631533119,492.0441587,1.986970119,13.37590793,7.25,11.78402748
Senegal,1985 ,4.258786696,493.4874651,2.68108041,9.806224832,7.25,13.00005762
Senegal,1986 ,1.967104796,493.9569179,2.600323373,13.84843284,6.083333333,6.184778545
Senegal,1987 ,5.220129056,508.5687108,2.337421356,13.17731362,5.25,-4.140723786
Senegal,1988 ,1.873437341,490.5341343,2.357863293,12.0307243,5.25,-1.826682252
Senegal,1989 ,1.404117275,494.8902392,2.295017151,14.46734336,6.416666667,0.447309341
Senegal,1990 ,1.597395262,477.0034157,2.485156827,14.1994136,7,0.325098631
Senegal,1991 ,2.249420358,474.7715574,2.893994283,11.17133081,7,-1.753556902
Senegal,1992 ,3.136777192,466.5830076,2.925551502,11.03068529,7.75,-0.109942966
Senegal,1993 ,0.429319907,459.024336,2.993722074,8.683481246,3.5,-0.586434615
Senegal,1994 ,5.238101786,446.0914038,2.935932631,16.39044931,3.5,32.29366686
Senegal,1995 ,7.98436406,457.3258796,2.993177351,13.3711332,3.5,7.864007846
Senegal,1996 ,7.801047588,454.4335481,2.970474645,11.32844938,3.5,2.754306634
Senegal,1997 ,10.83233787,456.8869761,3.220228754,9.05595773,3.5,1.753164781
Senegal,1998 ,11.24051282,471.9133211,2.930591245,9.96055083,3.5,1.156780704
Senegal,1999 ,12.18497534,489.4203221,3.61643013,10.39940339,3.5,0.827250609
Senegal,2000 ,13.80461859,492.2862252,4.989423516,9.214025697,3.5,0.731981982
Senegal,2001 ,13.91006232,501.4912849,6.246479314,8.858041285,3.5,3.074343209
Senegal,2002 ,11.76399318,491.4620661,6.458668832,8.307301004,3.5,2.231174466
Senegal,2003 ,14.9707903,510.2133638,7.450222797,6.660594602,3.5,-0.030312216
Senegal,2004 ,14.64938971,525.8493055,7.881657319,13.32070892,3.5,0.507883566
Seychelles,1980 ,32.37092883,4329.035738,,14.59039441,,13.57154051
Seychelles,1981 ,22.64548297,4107.837908,,10.864873,9,10.5767904
Seychelles,1982 ,10.62405352,3982.857873,,12.23700002,9,-0.912646674
Seychelles,1983 ,17.42756906,3923.029279,,10.44898245,9.083333333,6.052631578
Seychelles,1984 ,29.51023159,4059.477322,,9.933036794,9.5,4.094292804
Seychelles,1985 ,32.35164667,4445.603831,,13.0490213,9.6,0.83432658
Seychelles,1986 ,31.31127194,4446.5605,,13.73154963,10,0.236406619
Seychelles,1987 ,33.94976807,4630.621011,,9.68838751,10,2.594339622
Seychelles,1988 ,34.18726583,4842.839046,,7.261473102,10,1.839080461
Seychelles,1989 ,28.13026747,5299.825502,1.397307527,6.416630912,9.7325,1.580135441
Seychelles,1990 ,21.69081191,5645.39913,2.036014997,9.64771308,9.550833333,3.888888889
Seychelles,1991 ,20.23271362,5739.334511,1.955474625,6.07469048,9.501666667,1.986754966
Seychelles,1992 ,19.44905318,6073.591813,2.481484299,4.402064732,9.558333333,3.246753247
Seychelles,1993 ,19.4493991,6355.730825,0.061690315,4.129883446,9.365,1.383647799
Seychelles,1994 ,24.98981583,6201.494643,0.061465334,2.633173226,8.845833333,1.736972704
Seychelles,1995 ,20.61483013,6050.128238,0.099165358,2.524425223,9.2225,-0.243902439
Seychelles,1996 ,28.66879331,6242.095274,0.141009629,3.784403731,9.904166667,-1.100244498
Seychelles,1997 ,20.16485269,6908.004705,0.038874753,3.028665727,9.195833333,0.61804697
Seychelles,1998 ,16.9482109,7342.856217,0.018742386,3.936822242,7.534166667,2.579852581
Seychelles,1999 ,23.22192049,7338.328875,0.030045369,2.073916915,5.1325,6.347305389
Seychelles,2000 ,18.4704876,7578.828946,0.51376199,3.756842997,4.7675,6.268768768
Seychelles,2001 ,17.95654925,7400.225236,0.28957902,2.139276087,4.920833333,5.969622043
Seychelles,2002 ,18.6059862,7272.620991,0.283621573,8.258326232,4.933333333,0.175
Seychelles,2003 ,17.77553867,6886.584032,0.690532716,1.443614065,3.989166667,3.302553864
Seychelles,2004 ,,6740.359825,0.811169838,1.23433265,3.545833333,3.857303914
SierraLeone,1980 ,2.918494888,238.3344701,0.008654281,8.227597176,9.166666666,12.867
SierraLeone,1981 ,3.761546283,239.9473154,0.007893105,5.346104186,10,23.369
SierraLeone,1982 ,5.248363033,246.1044215,0.006232469,6.310977593,10,26.89
SierraLeone,1983 ,3.804634995,235.7251943,0.005330206,6.511880288,11,68.526
SierraLeone,1984 ,11.21590055,239.7276175,0.007327349,5.325195318,12,66.575
SierraLeone,1985 ,8.035302921,221.3780278,0.004581755,7.445525446,11.33333333,76.576
SierraLeone,1986 ,0.717185393,218.0182509,0.011795192,18.46051065,14.16666667,80.867
SierraLeone,1987 ,15.4956746,227.0944393,0.01089038,9.412417578,12.66666667,178.7
SierraLeone,1988 ,15.64816158,205.3722506,0.007579051,9.621983196,16.33333333,34.287
SierraLeone,1989 ,10.1590434,202.5622169,0.00555518,10.5747809,20,60.8
SierraLeone,1990 ,4.009145461,206.7322264,0.004167259,9.131143288,40.5,110.946
SierraLeone,1991 ,6.675903332,210.8677034,0.003559599,13.24005697,47.8,102.695
SierraLeone,1992 ,-2.848806994,171.4509436,0.009657869,19.56770468,54.66666667,65.5
SierraLeone,1993 ,-0.007444321,175.2484311,0.007518294,26.85570856,27,22.202
SierraLeone,1994 ,5.193496653,173.2300398,0.006130184,30.01702008,11.63333333,24.199
SierraLeone,1995 ,-3.321334497,160.0549125,2.724225385,24.37759053,7.029166667,25.987
SierraLeone,1996 ,1.971194822,162.8697607,2.686598851,19.38110124,13.955,23.137
SierraLeone,1997 ,-3.384003268,152.6904841,0.712868122,13.86820737,9.905,14.559
SierraLeone,1998 ,2.495748088,153.8427292,3.023696153,15.82894266,7.123333333,35.986
SierraLeone,1999 ,0.660008471,148.006779,3.357843676,10.99965273,9.501666667,34.092
SierraLeone,2000 ,-9.491743173,153.4772755,1.122076748,28.40814365,9.245,-0.918
SierraLeone,2001 ,-1.527291374,137.195898,0.6084112,31.01683218,7.673333333,2.568
SierraLeone,2002 ,1.340725558,165.4813663,1.760724746,30.92160405,8.233333333,0.121
SierraLeone,2003 ,2.778341946,172.4161525,1.887739162,24.5784992,8.42,3.991
SierraLeone,2004 ,3.730054548,175.2514987,1.726850519,26.29176346,10.135,12.922
SouthAfrica,1980 ,33.94346964,3463.247113,0.08330516,,5.541666667,13.66024518
SouthAfrica,1981 ,27.1713303,3561.259029,0.100032377,,8.1875,15.25423729
SouthAfrica,1982 ,20.54318573,3459.787492,0.100456091,,13,14.63903743
SouthAfrica,1983 ,24.2967942,3309.967643,0.085549148,,13.70833333,12.303207
SouthAfrica,1984 ,22.5384989,3389.641627,0.07607875,,18.29166667,11.52647975
SouthAfrica,1985 ,24.67922029,3262.743579,0.057716238,,17.02083333,16.29422719
SouthAfrica,1986 ,23.3360129,3180.686464,0.044670294,,10.975,18.65492394
SouthAfrica,1987 ,21.80673749,3167.455626,0.043485774,,8.7,16.16059379
SouthAfrica,1988 ,22.71672702,3222.65484,0.043352197,,13.54166667,12.77955271
SouthAfrica,1989 ,22.49219648,3226.92477,0.070888976,,18.125,14.73087819
SouthAfrica,1990 ,19.11149971,3151.838614,0.121051344,,18.8625,14.32098765
SouthAfrica,1991 ,18.57360401,3056.094145,0.107391388,,17.30416667,15.33477322
SouthAfrica,1992 ,16.25047958,2929.027116,0.091391068,,13.77916667,13.87470208
SouthAfrica,1993 ,16.44182506,2903.199593,0.077987417,0.207390819,11.50416667,9.717446553
SouthAfrica,1994 ,16.88200999,2933.724114,0.072740662,0.215852476,11.1125,8.938547487
SouthAfrica,1995 ,16.52395574,2960.422458,0.069699032,0.255550334,13.54166667,8.680425265
SouthAfrica,1996 ,16.13872531,3019.966,0.070924848,0.25209419,14.90833333,7.354125906
SouthAfrica,1997 ,15.1453893,3029.772513,0.138356042,0.333026091,15.375,8.597770155
SouthAfrica,1998 ,15.23501396,2974.681189,0.210722879,0.381978393,16.49583333,6.880552814
SouthAfrica,1999 ,15.87025943,2972.203412,0.245769606,0.405785753,12.24083333,5.181490718
SouthAfrica,2000 ,15.78307117,3019.946367,0.258663534,0.366028475,9.195833333,5.338953284
SouthAfrica,2001 ,15.56344553,3039.70613,0.251006912,0.359008809,9.370833333,5.701900634
SouthAfrica,2002 ,16.6969276,3108.043654,0.259564679,0.460158462,10.77416667,9.164037855
SouthAfrica,2003 ,15.65781188,3159.237852,0.25821498,0.389776858,9.76,5.858979916
SouthAfrica,2004 ,15.03884697,3264.317383,0.238637267,0.287133857,6.553333333,1.385381833
Sudan,1980 ,4.496527427,362.7448694,3.442222556,8.824010162,,25.35236902
Sudan,1981 ,5.147842016,376.6833378,4.02590955,6.620563781,,24.57572433
Sudan,1982 ,3.847220582,385.7195028,1.438357869,8.102856753,,25.71287975
Sudan,1983 ,4.881756802,380.7161502,3.242209408,11.31140346,,30.58777478
Sudan,1984 ,-0.424517698,350.3476926,2.835133292,6.120487589,,34.14634146
Sudan,1985 ,3.008525922,318.7926765,2.093274462,9.027034408,,45.40750323
Sudan,1986 ,9.743708796,326.8010347,0.70972937,5.854327845,,24.45349012
Sudan,1987 ,8.031794665,363.2127669,0.668006845,4.316231364,,20.55723804
Sudan,1988 ,-1.217603514,352.2316329,1.401360502,5.999036474,,64.7005627
Sudan,1989 ,-0.124357128,372.9539439,2.724524569,4.850534159,,66.72032193
Sudan,1990 ,1.230955354,342.1750945,0.498845639,6.835877628,,65.15809799
Sudan,1991 ,-5.228535275,355.3990649,0.398972787,7.620116586,,123.5781269
Sudan,1992 ,1.224418169,364.1308445,1.75911791,7.626778707,,117.6244689
Sudan,1993 ,10.01411011,365.7159607,0.846750543,5.039967326,,101.3804238
Sudan,1994 ,5.778873112,355.8936375,0.837905969,3.188966942,,115.3981443
Sudan,1995 ,3.137228172,365.932352,2.503186849,1.713837027,,68.37519295
Sudan,1996 ,0.623174057,378.0200572,2.456337919,2.413979618,,132.8237774
Sudan,1997 ,6.752702008,408.1820661,3.59210299,1.186010363,,46.65032277
Sudan,1998 ,9.455004705,416.1818795,6.102991448,1.874185474,,17.10505647
Sudan,1999 ,6.575535119,419.6547151,6.226346001,2.300218728,,15.99474583
Sudan,2000 ,23.49042601,444.8079838,5.227905361,1.832785486,,8.033055446
Sudan,2001 ,21.40761872,461.8152785,5.610309869,1.456814508,,4.871466644
Sudan,2002 ,22.61771161,475.9573327,6.604485854,2.059388515,,8.33381706
Sudan,2003 ,23.95908895,498.8995911,6.934042736,3.516096891,,7.710690832
Sudan,2004 ,27.10972097,512.9743109,6.538155655,4.634566475,,8.418006386
Swaziland,1980 ,,779.2717245,6.514889237,8.88179602,4.5,18.6839754
Swaziland,1981 ,,867.5440848,6.987422639,6.160824469,6.583333333,20.05579665
Swaziland,1982 ,,852.9562534,6.921364093,4.903564662,11.66666667,10.80742134
Swaziland,1983 ,,838.0703201,9.55228656,5.830702461,11.16666667,11.56752438
Swaziland,1984 ,,861.231498,10.65113044,5.850551912,15,12.93972664
Swaziland,1985 ,,861.8910355,13.17134009,6.639662883,14.38166667,20.46263345
Swaziland,1986 ,,928.9909936,12.24788036,7.331783146,7.59,13.73707533
Swaziland,1987 ,,1019.391556,13.50374206,7.453871497,4.888333333,13.37662337
Swaziland,1988 ,,1040.334864,13.69732437,5.530134303,6.74,20.39456228
Swaziland,1989 ,,1128.943182,15.75117572,4.255860156,9.075833333,7.546164776
Swaziland,1990 ,19.66495773,1320.385837,10.12110913,4.811185425,8.740833333,13.09228991
Swaziland,1991 ,19.72727287,1306.506192,9.397156951,4.577317243,10.59916667,8.934306568
Swaziland,1992 ,17.37104998,1317.929695,8.615905986,4.35956965,10.49333333,7.558295363
Swaziland,1993 ,13.98014984,1332.079519,6.096242092,3.994283145,7.89,12.02342387
Swaziland,1994 ,18.10071174,1338.083279,5.430064347,4.071037786,7.535,13.76932488
Swaziland,1995 ,15.50488955,1374.724895,4.8588863,3.399079333,9.438333333,12.28859126
Swaziland,1996 ,13.96630142,1397.036829,4.711506976,2.062091398,11.08333333,6.425213303
Swaziland,1997 ,17.23623599,1408.635807,4.883754497,1.647333023,12,7.125327224
Swaziland,1998 ,13.50973945,1443.426267,4.972526842,2.206849236,11.91666667,8.109965635
Swaziland,1999 ,13.01241714,1484.075342,4.523697234,1.872873974,9.859166667,6.088860634
Swaziland,2000 ,13.27168668,1508.220979,3.73143851,0.861271548,6.53,12.20853585
Swaziland,2001 ,24.32914153,1523.688501,3.918728371,2.160336254,6.15,5.942109823
Swaziland,2002 ,22.08564052,1548.738511,3.648796516,1.821567014,8.016666667,12.01971547
Swaziland,2003 ,25.49093056,1581.359509,3.518046089,2.162327768,7.588333333,7.29
Swaziland,2004 ,17.20886144,1625.196179,3.420524609,1.028252963,4.630833333,3.445335072
Tanzania,1980 ,,,,,4,30.1973001
Tanzania,1981 ,,,,,4,25.65002393
Tanzania,1982 ,,,,,4,28.93233464
Tanzania,1983 ,,,,,4,27.05592753
Tanzania,1984 ,,,,,4,36.14594151
Tanzania,1985 ,,,,,4.5,33.28210382
Tanzania,1986 ,,,,,8.5,32.43220158
Tanzania,1987 ,,,,,15.75,29.94936954
Tanzania,1988 ,,283.9383185,,19.76019418,17.45833333,31.18671829
Tanzania,1989 ,,285.652905,,20.51709538,17,25.84983826
Tanzania,1990 ,10.09106961,296.1935288,,27.31205024,0,35.82677165
Tanzania,1991 ,8.735219857,292.5421035,,21.64795665,0,28.69565218
Tanzania,1992 ,9.611062569,284.5370383,,28.99283,0,21.84684685
Tanzania,1993 ,3.581121391,278.5389288,,22.18168381,0,25.27726433
Tanzania,1994 ,6.211353262,274.0290452,,21.36117584,0,34.08336407
Tanzania,1995 ,7.404198692,275.475509,0.01599073,16.57494504,24.625,27.42778542
Tanzania,1996 ,10.24507745,280.1408414,0.297374326,13.34950521,13.59166667,20.97725964
Tanzania,1997 ,9.081459103,282.5873112,0.020644381,12.28355178,7.833333333,16.09065493
Tanzania,1998 ,12.35047203,285.8625328,0.123062693,10.71590523,7.753333333,12.79975405
Tanzania,1999 ,9.70597978,292.3991683,0.074243371,10.22763032,7.75,7.89043336
Tanzania,2000 ,13.1864736,299.2460777,0.078540966,10.44514368,7.386666667,5.923961097
Tanzania,2001 ,13.9474036,309.210116,0.146895656,12.27160894,4.810827737,5.147468001
Tanzania,2002 ,16.66533092,322.8952038,0.111053527,11.75168424,3.289028102,5.317833661
Tanzania,2003 ,18.24608204,336.163751,0.076335028,14.79861728,3.047894654,5.303566216
Tanzania,2004 ,19.84449522,352.8997371,0.10758328,13.81909694,4.200666147,4.735801439
Togo,1980 ,27.22947873,352.041067,0.874219076,7.959281886,6.1875,12.30685721
Togo,1981 ,19.80004702,329.9493808,0.817208431,6.496615983,6.25,19.71650236
Togo,1982 ,16.14036515,307.4939782,0.744074083,9.298339997,7.75,11.12967333
Togo,1983 ,22.17888627,280.6913417,0.793694338,14.4982703,7.5,9.35546508
Togo,1984 ,17.72625773,285.9872459,0.920331423,15.07486575,7.25,-3.526628711
Togo,1985 ,13.2058407,291.7679809,2.020729832,14.54431386,7.25,-1.814414382
Togo,1986 ,13.52830908,286.8223185,2.019325023,16.05600127,6.083333333,4.124615262
Togo,1987 ,12.702445,279.2499462,1.604688308,9.709396308,5.25,0.054008851
Togo,1988 ,12.76589661,288.9399264,1.540344902,14.89722503,5.25,-0.15091098
Togo,1989 ,12.94247488,292.4124014,1.689982228,14.71599463,6.416666667,-0.839403117
Togo,1990 ,20.95188303,284.4284097,1.650338861,15.85824276,7,1.015341506
Togo,1991 ,14.00437669,276.2396666,1.808106447,12.43649899,7,0.387081799
Togo,1992 ,10.20541127,260.0503342,0.959580689,13.13853355,7.75,1.393786635
Togo,1993 ,2.76225942,216.5494299,0.949953718,7.768158739,3.5,-1.006881687
Togo,1994 ,14.2511101,243.6614205,1.557672247,12.6854176,3.5,39.16276738
Togo,1995 ,16.74161751,256.1737988,1.147226295,14.61299151,3.5,16.43350345
Togo,1996 ,11.89959468,270.6453677,2.004259061,10.60426425,3.5,4.687499999
Togo,1997 ,5.157526865,299.5493397,1.751873831,8.340499622,3.5,8.250825083
Togo,1998 ,6.994837532,282.8515266,1.169940848,8.08582366,3.5,0.973332278
Togo,1999 ,5.281960527,280.4858181,1.450535852,4.531454218,3.5,-0.070532915
Togo,2000 ,4.968560729,270.0008761,2.645105617,5.373767431,3.5,1.890047839
Togo,2001 ,4.520747439,258.4568888,5.141563471,3.45860523,3.5,3.910098522
Togo,2002 ,8.272881867,249.7475313,6.999222635,3.48222897,3.5,3.074074074
Togo,2003 ,4.90698839,256.0710824,8.883788751,2.980838051,3.5,-0.962989579
Togo,2004 ,2.222074447,255.6614294,9.241620238,3.350413148,3.5,0.391843843
Uganda,1980 ,1.896176312,,,9.107270551,6.799999999,99.203
Uganda,1981 ,9.870634861,,,10.14432065,7.224999999,108.739648
Uganda,1982 ,3.673938002,187.8027457,,6.032146958,9,49.27408656
Uganda,1983 ,5.005207558,192.5971662,,6.102216932,10.66666667,24.05315615
Uganda,1984 ,7.569151598,185.9159382,,4.482461346,16,42.72562935
Uganda,1985 ,6.564406783,173.865795,,5.099305186,20,157.6552931
Uganda,1986 ,6.566772475,168.5473209,,4.882693837,23.33333333,160.9847199
Uganda,1987 ,3.418302133,169.0123496,,4.768306208,20,200.0260213
Uganda,1988 ,4.665128108,176.4210675,,6.016194684,21.5,196.1188205
Uganda,1989 ,5.65201831,180.9898275,,9.788721055,32.16666667,61.44101926
Uganda,1990 ,5.594099553,186.0518733,,15.40516854,31.25,33.11865022
Uganda,1991 ,8.850304252,189.7910049,,19.96791305,31.16666667,28.0681431
Uganda,1992 ,13.75998968,189.8414888,,25.32740829,35.83333333,30.81965147
Uganda,1993 ,10.96506034,199.0647897,,18.91636408,16.25833333,0.172509809
Uganda,1994 ,15.48297763,205.1886352,,18.82428457,9.9925,10.03675988
Uganda,1995 ,13.47151426,221.8284014,,14.47509086,7.608333333,6.55014019
Uganda,1996 ,19.78810469,234.7133909,,11.14534684,10.61833333,7.191646604
Uganda,1997 ,20.90197948,239.4405149,,12.96868358,11.84,8.169021442
Uganda,1998 ,18.5160579,243.8486185,,9.952897929,11.35566667,0.068804172
Uganda,1999 ,16.70356414,255.7044438,3.877595184,10.08624856,8.7275,5.777368986
Uganda,2000 ,14.35649331,255.7806112,3.844510224,13.77758792,9.83938,3.392021586
Uganda,2001 ,15.52477301,260.7363255,5.968231703,14.07738171,8.468333333,1.86512524
Uganda,2002 ,16.47882197,274.6005446,7.151015966,11.74043131,5.564890833,-0.287508512
Uganda,2003 ,17.55268558,283.0782984,4.715157088,15.74400846,9.849163171,8.680476516
Uganda,2004 ,21.15365995,292.6805093,3.910809595,15.31441386,7.74050879,3.72128744
Zimbabwe,1980 ,12.0144876,501.2555977,0.252911364,2.405197926,3.520833333,5.401844532
Zimbabwe,1981 ,13.41281028,543.0334085,0.353180725,2.180275246,7.458333333,13.15
Zimbabwe,1982 ,11.04357242,535.8794833,0.385204773,2.498682426,14.45833333,10.63485049
Zimbabwe,1983 ,8.580883625,523.1450476,0.251880623,2.671924396,12.79583333,23.11942484
Zimbabwe,1984 ,16.54056455,493.3648308,0.059921461,4.672451469,10.30416667,20.15139227
Zimbabwe,1985 ,16.33391905,507.833108,0.010991881,4.174014109,10.04166667,8.491584918
Zimbabwe,1986 ,18.29538377,499.6531516,0.012626484,3.585671906,10.27916667,14.33074785
Zimbabwe,1987 ,15.35612891,487.6665756,0.016955783,4.319399335,9.576666667,12.46916268
Zimbabwe,1988 ,19.79243601,506.9892685,0.017696541,3.457037305,9.679166667,7.422341213
Zimbabwe,1989 ,14.89744032,516.728512,0.008595476,3.148682588,8.851666667,12.88210919
Zimbabwe,1990 ,15.63046543,536.9977134,0.009661357,3.805407293,8.8025,17.36273675
Zimbabwe,1991 ,13.46607665,551.9922021,0.004048404,4.497839762,14.195,23.34166666
Zimbabwe,1992 ,11.01240586,490.4775035,0.008705166,11.6830815,28.625,42.06472536
Zimbabwe,1993 ,20.40174713,485.1061674,0.01715175,7.557344758,29.44583333,27.5883388
Zimbabwe,1994 ,18.08800684,519.4969303,0.633978788,8.112122556,26.75083333,22.26405248
Zimbabwe,1995 ,,510.7519156,,6.877814427,25.91833333,22.59382336
Zimbabwe,1996 ,,553.8762918,,4.318410725,21.57916667,21.43390033
Zimbabwe,1997 ,,559.537089,,3.933491819,18.59833333,18.73604882
Zimbabwe,1998 ,,567.4543121,,4.080151499,29.05916667,31.81959297
Zimbabwe,1999 ,,556.3033687,,3.565172562,38.50666667,58.51967185
Zimbabwe,2000 ,,534.7911515,,2.625427697,50.16666667,55.86645207
Zimbabwe,2001 ,,539.662758,,2.374514748,13.94791667,76.70726541
Zimbabwe,2002 ,,490.3868614,,3.135073356,18.375,140.0599968
Zimbabwe,2003 ,,406.8785624,,3.264373706,35.91666667,431.699821
Zimbabwe,2004 ,,383.7076653,,3.221890075,103.2083333,282.3802174
,,,,,,,
,,,,,,,
,,,,,,,
Datafromdatabase:AfricaDevelopmentIndicators,,,,,,,
LastUpdated:02/22/2013,,,,,,,
